artist,song,duration_ms,year,popularity,danceability,energy,loudness,speechiness,acousticness,instrumentalness,liveness,valence,tempo,genre
Britney Spears,Oops!...I Did It Again,211160,2000,77,0.751,0.834,-5.444,0.0437,0.3,1.77e-05,0.355,0.894,95.053,pop
blink-182,All The Small Things,167066,1999,79,0.434,0.897,-4.918,0.0488,0.0103,0.0,0.612,0.684,148.726,"rock, pop"
Faith Hill,Breathe,250546,1999,66,0.529,0.496,-9.007,0.029,0.173,0.0,0.251,0.278,136.859,"pop, country"
Bon Jovi,It's My Life,224493,2000,78,0.551,0.913,-4.063,0.0466,0.0263,1.35e-05,0.347,0.544,119.992,"rock, metal"
*NSYNC,Bye Bye Bye,200560,2000,65,0.614,0.928,-4.806,0.0516,0.0408,0.00104,0.0845,0.879,172.656,pop
Robbie Williams,Rock DJ,258560,2000,68,0.708,0.772,-4.264,0.0322,0.0267,0.0,0.467,0.861,103.035,"pop, rock"
Destiny's Child,Say My Name,271333,1999,75,0.713,0.678,-3.525,0.102,0.273,0.0,0.149,0.734,138.009,"pop, R&B"
Modjo,Lady - Hear Me Tonight,307153,2001,77,0.72,0.808,-5.627,0.0379,0.00793,0.0293,0.0634,0.869,126.041,Dance/Electronic
Gigi D'Agostino,L'Amour Toujours,238759,2011,1,0.617,0.728,-7.932,0.0292,0.0328,0.0482,0.36,0.808,139.066,pop
Eiffel 65,Move Your Body - Gabry Ponte Original Radio Edit,268863,1999,56,0.745,0.958,-9.664,0.0287,0.0813,0.324,0.533,0.96,129.962,pop
Bomfunk MC's,Freestyler,306333,2000,55,0.822,0.922,-5.798,0.0989,0.0291,0.325,0.252,0.568,163.826,pop
Sting,Desert Rose,285960,1999,62,0.586,0.659,-7.92,0.0304,0.011,0.0,0.106,0.147,111.989,"rock, pop"
Melanie C,Never Be The Same Again,294200,1999,61,0.689,0.685,-5.153,0.0478,0.0921,0.0,0.119,0.398,160.067,"pop, Dance/Electronic"
Aaliyah,Try Again,284000,2002,53,0.797,0.622,-5.642,0.29,0.0807,0.0,0.0841,0.731,93.02,"hip hop, pop, R&B"
Anastacia,I'm Outta Love - Radio Edit,245400,1999,64,0.761,0.716,-5.8,0.056,0.396,0.0,0.0771,0.649,119.41,pop
Alice Deejay,Better Off Alone,214883,2000,73,0.671,0.88,-6.149,0.0552,0.00181,0.691,0.285,0.782,136.953,pop
Gigi D'Agostino,The Riddle,285426,1999,64,0.74,0.876,-6.87,0.0369,0.0173,0.00152,0.0785,0.825,127.002,pop
Linkin Park,In the End,216880,2000,83,0.556,0.864,-5.87,0.0584,0.00958,0.0,0.209,0.4,105.143,"rock, metal"
Tom Jones,Sexbomb,211893,1999,65,0.801,0.876,-3.94,0.0446,0.144,1.38e-05,0.104,0.932,122.979,"rock, Folk/Acoustic, easy listening"
Sonique,It Feels So Good,240866,2000,62,0.634,0.677,-7.278,0.0304,0.0117,0.00103,0.126,0.558,135.012,pop
Melanie C,I Turn To You,352173,1999,54,0.522,0.803,-5.825,0.0327,0.00117,0.00167,0.31,0.0783,135.205,"pop, Dance/Electronic"
Limp Bizkit,Take A Look Around,321040,2000,72,0.425,0.852,-5.607,0.046,0.0175,0.306,0.0935,0.512,101.968,metal
Darude,Sandstorm,225493,2001,69,0.528,0.965,-7.984,0.0465,0.141,0.985,0.0797,0.587,136.065,"pop, Dance/Electronic"
Moloko,The Time Is Now,318280,2000,54,0.682,0.743,-10.644,0.165,0.35,0.000129,0.277,0.546,127.962,"pop, Dance/Electronic"
Chicane,Don't Give Up,210786,2016,47,0.644,0.72,-9.635,0.0419,0.00145,0.504,0.0839,0.53,132.017,Dance/Electronic
Debelah Morgan,Dance with Me,220106,2000,49,0.85,0.674,-7.981,0.0373,0.309,0.000645,0.0356,0.74,115.005,"pop, R&B"
Madonna,Music,225973,2000,58,0.736,0.802,-8.527,0.0663,0.00149,0.0876,0.14,0.871,119.854,pop
Ruff Endz,No More,242560,2000,52,0.839,0.641,-5.669,0.0858,0.0324,4.56e-06,0.0602,0.927,97.004,R&B
Britney Spears,Born to Make You Happy,243533,1999,58,0.633,0.922,-4.842,0.0454,0.116,0.000465,0.071,0.686,84.11,pop
Montell Jordan,Get It On Tonite,276266,1999,59,0.813,0.491,-9.923,0.077,0.241,4.61e-05,0.0817,0.868,99.008,"hip hop, pop, R&B"
Kylie Minogue,Spinning Around,207866,2000,55,0.761,0.662,-7.645,0.0548,0.292,6.19e-05,0.0956,0.631,120.043,"pop, Dance/Electronic"
LeAnn Rimes,I Need You,229826,2001,61,0.478,0.736,-7.124,0.0367,0.02,9.58e-05,0.118,0.564,144.705,"pop, country"
Avant,Separated,255600,2000,55,0.798,0.48,-5.564,0.0276,0.247,0.0,0.237,0.643,108.241,"pop, R&B"
Enrique Iglesias,Be With You,219360,1999,54,0.683,0.866,-5.436,0.0329,0.0395,0.00161,0.0483,0.542,121.996,"pop, latin"
Toni Braxton,He Wasn't Man Enough,261933,2000,66,0.739,0.947,-1.916,0.0411,0.00916,3.14e-05,0.326,0.766,88.009,"pop, R&B"
Bow Wow,Bounce With Me (feat. Xscape) - Edited Album Version,175893,2000,36,0.852,0.75,-5.153,0.168,0.434,0.0,0.265,0.934,72.016,"hip hop, pop, R&B"
Backstreet Boys,Show Me the Meaning of Being Lonely,234960,1999,68,0.63,0.625,-5.088,0.0252,0.231,0.0,0.0765,0.683,167.998,pop
Samantha Mumba,Gotta Tell You,201946,2018,43,0.729,0.632,-8.75,0.0279,0.191,0.0,0.166,0.774,109.981,pop
Mýa,Case Of The Ex (Whatcha Gonna Do),236906,2000,59,0.772,0.688,-4.715,0.0405,0.0548,9.79e-05,0.0725,0.348,98.0,"pop, R&B"
Mary Mary,Shackles (Praise You),198346,2000,64,0.779,0.834,-2.773,0.162,0.0343,0.0,0.0886,0.8,100.46,R&B
Next,Wifey,243666,2004,52,0.829,0.652,-8.693,0.108,0.067,0.0,0.0812,0.726,99.581,"hip hop, pop, R&B"
Janet Jackson,Doesn't Really Matter,265026,2001,47,0.771,0.796,-3.081,0.076,0.0993,0.00278,0.0981,0.801,99.316,"pop, R&B"
Ricky Martin,She Bangs - English Version,280626,2000,60,0.63,0.95,-4.012,0.0806,0.000915,6.51e-06,0.373,0.858,143.866,"pop, latin"
Jagged Edge,He Can't Love U,244053,2000,55,0.721,0.836,-3.972,0.206,0.112,0.0,0.235,0.508,126.279,"hip hop, pop, R&B"
Mariah Carey,Thank God I Found You (feat. Joe & 98°),257360,1999,59,0.348,0.532,-5.882,0.0331,0.592,0.0,0.106,0.148,129.297,"pop, R&B"
Baha Men,Who Let The Dogs Out,198400,2000,65,0.869,0.887,-4.505,0.0993,0.0605,0.0,0.148,0.784,129.221,R&B
LeAnn Rimes,Can't Fight The Moonlight,215506,2001,65,0.628,0.834,-6.341,0.0497,0.403,0.0,0.051,0.626,97.865,"pop, country"
Oasis,Go Let It Out,278666,2000,0,0.408,0.849,-5.631,0.0333,0.0136,2.51e-05,0.56,0.628,84.192,"Folk/Acoustic, rock"
DJ Ötzi,Hey Baby (Radio Mix),219240,2010,58,0.666,0.968,-3.196,0.046,0.123,0.0,0.347,0.834,135.099,"pop, easy listening, Dance/Electronic"
P!nk,Most Girls,298960,2000,52,0.742,0.732,-6.046,0.0311,0.0424,0.00446,0.101,0.694,97.922,pop
Mariah Carey,Against All Odds (Take A Look at Me Now) (feat. Westlife),199480,2011,0,0.471,0.514,-5.599,0.0315,0.584,0.0,0.103,0.373,117.338,"pop, R&B"
Craig David,Fill Me In,257200,2000,60,0.682,0.744,-6.981,0.0365,0.376,0.00951,0.06,0.827,132.493,"hip hop, pop, R&B"
Christina Aguilera,I Turn to You,273706,1999,61,0.599,0.47,-8.356,0.0376,0.38,0.0,0.111,0.298,127.177,pop
Madonna,American Pie,273533,2000,58,0.631,0.734,-7.48,0.036,0.348,0.0,0.135,0.591,124.036,pop
Red Hot Chili Peppers,Otherside,255373,1999,78,0.458,0.795,-3.265,0.0574,0.00316,0.000202,0.0756,0.513,123.229,rock
Sammie,I Like It,251040,2000,55,0.826,0.656,-8.529,0.0617,0.0101,0.000113,0.0272,0.852,129.963,"hip hop, pop, R&B"
Craig David,7 Days,235133,2000,70,0.659,0.812,-7.499,0.0487,0.23,0.0,0.0951,0.888,83.014,"hip hop, pop, R&B"
Santana,Maria Maria (feat. The Product G&B),261973,1999,66,0.777,0.601,-5.931,0.126,0.0406,0.00201,0.0348,0.68,97.911,"rock, blues, latin"
Kandi,Don't Think I'm Not,243533,2000,55,0.859,0.622,-8.196,0.0445,0.0661,0.0,0.0394,0.433,134.007,"pop, R&B"
P!nk,There You Go,202800,2000,55,0.822,0.847,-6.729,0.0917,0.0854,0.0,0.0452,0.668,107.908,pop
Vengaboys,Shalala Lala,214819,2000,58,0.751,0.901,-5.802,0.0328,0.0504,0.00308,0.0395,0.973,124.017,pop
Ronan Keating,Life Is A Rollercoaster,234826,2000,59,0.655,0.791,-8.923,0.0302,0.1,0.000124,0.334,0.862,118.981,"pop, rock"
Madison Avenue,Don't Call Me Baby,228140,1999,56,0.808,0.982,-6.588,0.0311,0.0585,0.00689,0.35,0.961,124.999,Dance/Electronic
Destiny's Child,"Jumpin', Jumpin'",230200,1999,70,0.771,0.685,-4.639,0.0567,0.00543,0.00157,0.0537,0.683,88.997,"pop, R&B"
Céline Dion,That's the Way It Is,241373,1999,64,0.634,0.886,-5.424,0.0434,0.154,0.0,0.118,0.577,93.04,pop
3 Doors Down,Kryptonite,233933,2000,78,0.545,0.865,-5.708,0.0286,0.00664,1.1e-05,0.168,0.543,99.009,"pop, rock, metal"
Carl Thomas,I Wish,226760,2000,52,0.736,0.666,-4.929,0.0337,0.0593,3.82e-05,0.107,0.224,89.824,"pop, R&B"
Fuel,Hemorrhage (In My Hands),236866,2000,49,0.313,0.831,-3.894,0.0404,0.000127,0.000341,0.24,0.332,152.034,"rock, pop, metal"
Donell Jones,Where I Wanna Be,253626,1999,57,0.664,0.396,-9.131,0.0298,0.52,0.0,0.268,0.453,102.053,"pop, R&B"
Savage Garden,Crash and Burn,281466,1999,54,0.581,0.607,-8.458,0.028,0.189,1.6e-06,0.0882,0.213,102.03,pop
Westlife,My Love,231760,2000,68,0.491,0.593,-5.975,0.0255,0.098,0.0,0.257,0.328,144.142,pop
All Saints,Pure Shores,268746,2000,62,0.631,0.664,-9.197,0.0242,0.0498,0.00042,0.0696,0.407,100.618,pop
Destiny's Child,"Independent Women, Pt. 1",221133,2001,65,0.73,0.602,-3.782,0.206,0.362,3.69e-06,0.169,0.927,97.954,"pop, R&B"
*NSYNC,It's Gonna Be Me,191040,2000,60,0.644,0.874,-4.666,0.0801,0.0459,2.24e-06,0.0584,0.882,165.09,pop
Erykah Badu,Bag Lady,348893,2000,54,0.724,0.416,-8.964,0.0841,0.365,0.0,0.0969,0.578,151.181,"hip hop, R&B"
Marc Anthony,You Sang To Me,347106,1999,56,0.578,0.894,-5.42,0.0296,0.0103,2.66e-06,0.216,0.741,165.98,"pop, latin"
Matchbox Twenty,Bent,256133,2000,54,0.518,0.83,-6.814,0.0386,0.0404,3.85e-06,0.375,0.527,95.468,"pop, rock"
Gabrielle,Rise,219093,2001,60,0.558,0.481,-9.487,0.026,0.315,8.83e-06,0.09,0.631,144.673,"pop, R&B"
Backstreet Boys,Shape of My Heart,230093,2000,70,0.575,0.786,-4.353,0.0296,0.252,0.0,0.159,0.518,96.102,pop
Creed,With Arms Wide Open,274800,1999,64,0.41,0.539,-8.412,0.0302,0.00425,0.00089,0.117,0.141,138.852,"pop, rock, metal"
The Corrs,Breathless,207506,2000,68,0.607,0.82,-7.754,0.0597,0.0541,6.8e-05,0.269,0.768,126.988,"pop, Folk/Acoustic"
Joe,I Wanna Know,296693,2000,65,0.725,0.487,-5.959,0.0368,0.26,1.09e-05,0.431,0.599,136.086,"pop, R&B"
Christina Aguilera,Come on over Baby (All I Want Is You) - Radio Version,203333,1999,64,0.829,0.915,-3.205,0.106,0.226,1.25e-05,0.246,0.779,118.903,pop
Creed,Higher,316733,1999,69,0.459,0.83,-6.254,0.0364,5.15e-05,0.00014,0.206,0.431,155.827,"pop, rock, metal"
Britney Spears,Lucky,206226,2000,65,0.765,0.791,-5.707,0.0317,0.262,0.000154,0.0669,0.966,95.026,pop
Shaggy,It Wasn't Me,227600,2000,76,0.853,0.606,-4.596,0.0713,0.0561,0.0,0.313,0.654,94.759,"hip hop, pop"
Destiny's Child,Survivor,254026,2001,70,0.514,0.911,-2.027,0.41,0.0559,0.0,0.775,0.619,161.109,"pop, R&B"
Kylie Minogue,Can't Get You out of My Head,230640,2001,73,0.766,0.563,-7.516,0.0339,0.0263,0.683,0.115,0.964,126.007,"pop, Dance/Electronic"
Christina Aguilera,"Lady Marmalade - From ""Moulin Rouge"" Soundtrack",264893,2001,68,0.76,0.801,-3.769,0.0534,0.0144,1.49e-05,0.665,0.653,109.919,pop
Nelly Furtado,I'm Like A Bird,243160,2000,1,0.622,0.608,-5.085,0.036,0.138,5.38e-06,0.273,0.607,89.661,"hip hop, pop, latin"
Shakira,"Whenever, Wherever",196160,2001,74,0.794,0.832,-4.862,0.0407,0.237,1.14e-05,0.203,0.871,107.657,"pop, latin"
Jimmy Eat World,The Middle,165853,2001,78,0.643,0.849,-5.428,0.0526,0.0371,0.0,0.058,0.903,162.152,"rock, pop"
Train,Drops of Jupiter (Tell Me),259933,2001,77,0.481,0.638,-5.862,0.0276,0.153,0.0,0.154,0.497,79.064,pop
Geri Halliwell,It's Raining Men,254640,2001,62,0.637,0.929,-6.03,0.0447,0.063,0.00796,0.318,0.604,136.482,pop
Blu Cantrell,Hit 'Em Up Style (Oops!),250706,2001,71,0.667,0.773,-4.983,0.0586,0.201,0.0,0.404,0.667,89.976,"pop, R&B"
Britney Spears,I'm a Slave 4 U,203600,2001,69,0.847,0.843,-3.579,0.106,0.415,0.000134,0.107,0.963,110.027,pop
Kylie Minogue,In Your Eyes,197826,2001,62,0.689,0.894,-6.342,0.0672,0.133,4.72e-05,0.0681,0.709,123.971,"pop, Dance/Electronic"
Mary J. Blige,Family Affair,265866,2001,76,0.911,0.551,-3.75,0.0449,0.132,4.12e-05,0.0863,0.969,92.887,"pop, R&B"
Faithless,We Come 1 - Radio Edit,222435,2015,53,0.645,0.903,-10.587,0.0441,0.00188,0.799,0.147,0.61,135.977,"pop, Dance/Electronic"
Lasgo,Something,220973,2001,65,0.643,0.981,-6.644,0.0439,0.0271,8.93e-05,0.11,0.38,140.01,pop
iio,Rapture (feat.Nadia Ali),253586,2006,54,0.661,0.855,-8.403,0.0377,0.0722,0.0185,0.199,0.601,123.943,Dance/Electronic
Emma Bunton,What Took You So Long?,241000,2001,54,0.668,0.772,-5.4,0.0307,0.123,0.0,0.341,0.911,118.011,pop
112,It's Over Now,264933,2001,57,0.66,0.71,-4.541,0.0409,0.0106,7.01e-06,0.0736,0.233,97.988,"hip hop, pop, R&B"
Blue,All Rise,223546,2001,63,0.721,0.737,-2.734,0.0324,0.121,0.0,0.165,0.931,97.996,pop
Jessica Simpson,Irresistible,194026,2001,43,0.657,0.965,-2.771,0.0556,0.0285,8.84e-05,0.0552,0.669,93.013,"pop, R&B"
Crazy Town,Butterfly,216733,1999,71,0.736,0.811,-4.17,0.081,0.00132,0.000142,0.107,0.609,103.502,"rock, metal"
Michael Jackson,You Rock My World,337733,2001,64,0.854,0.673,-3.132,0.185,0.038,0.000227,0.255,0.955,95.0,"pop, R&B"
Jennifer Lopez,Ain't It Funny,246160,2001,0,0.707,0.869,-4.525,0.0481,0.104,0.000121,0.0813,0.621,99.825,"hip hop, pop, R&B"
Brandy,Another Day in Paradise - R&B-Version,271626,2002,50,0.7,0.787,-5.176,0.0327,0.00666,3.68e-05,0.0724,0.556,102.043,"hip hop, pop, R&B"
Nickelback,How You Remind Me,223840,2001,78,0.446,0.764,-5.042,0.033,0.00135,0.0,0.099,0.543,172.094,"rock, metal"
Daft Punk,One More Time,320357,2001,76,0.613,0.697,-8.618,0.133,0.0194,0.0,0.332,0.476,122.746,"hip hop, Dance/Electronic"
Fragma,Everytime You Need Me - Radio Version,213346,2001,50,0.682,0.917,-5.459,0.0318,0.15,0.0676,0.34,0.79,137.029,"pop, Dance/Electronic"
Mariah Carey,Loverboy,229173,2001,42,0.721,0.79,-4.125,0.124,0.183,0.0,0.1,0.821,103.141,"pop, R&B"
Dido,Thank You,218360,1999,73,0.725,0.583,-9.942,0.0427,0.3,0.000238,0.0665,0.762,79.984,pop
Joe,Stutter (feat. Mystikal) - Double Take Remix,213026,2000,57,0.767,0.759,-6.516,0.117,0.0513,0.0,0.31,0.677,89.989,"pop, R&B"
P.O.D.,Youth of the Nation,256240,2001,69,0.563,0.86,-7.533,0.0621,0.00834,0.0106,0.39,0.517,97.867,"rock, metal"
Ricky Martin,Nobody Wants to Be Lonely (with Christina Aguilera),252706,2008,52,0.635,0.854,-5.02,0.0612,0.00579,0.0083,0.0623,0.59,100.851,"pop, latin"
Christina Milian,AM To PM,231213,2001,60,0.872,0.868,-3.036,0.12,0.153,2.26e-05,0.843,0.822,105.005,"hip hop, pop, R&B"
Roger Sanchez,Another Chance,452906,2000,50,0.61,0.82,-10.029,0.0312,0.000211,0.146,0.138,0.45,127.993,Dance/Electronic
Tamia,Stranger in My House,285386,2000,48,0.676,0.601,-4.905,0.0297,0.103,0.0,0.147,0.206,119.94,"pop, R&B"
Mary J. Blige,No More Drama,326240,2001,61,0.653,0.837,-6.818,0.124,0.534,7.12e-05,0.0784,0.64,97.914,"pop, R&B"
Jennifer Lopez,Love Don't Cost a Thing,221226,2001,67,0.786,0.842,-5.115,0.0707,0.00305,3.54e-06,0.473,0.685,97.577,"hip hop, pop, R&B"
Jamiroquai,Little L,295400,2001,65,0.878,0.724,-5.373,0.129,0.168,0.0116,0.133,0.904,121.906,pop
Case,Missing You,284666,2001,55,0.612,0.579,-6.417,0.0553,0.285,0.0,0.0556,0.716,86.31,"hip hop, pop, R&B"
112,Peaches & Cream,193093,2001,63,0.677,0.52,-6.255,0.334,0.00277,0.0,0.0532,0.768,203.862,"hip hop, pop, R&B"
Five,Let's Dance - Radio Edit,218626,2001,47,0.631,0.821,-7.853,0.0867,0.00876,0.000247,0.293,0.547,118.007,pop
Rui Da Silva,Touch Me (Radio Edit) [feat. Cassandra],213133,2001,54,0.464,0.922,-8.399,0.0638,0.124,0.227,0.0546,0.695,129.078,Dance/Electronic
Alien Ant Farm,Smooth Criminal,209266,2001,75,0.653,0.964,-4.261,0.0582,0.00316,0.00512,0.144,0.87,126.928,"rock, metal"
Usher,Pop Ya Collar - Radio Edit,210813,2016,26,0.888,0.8,-3.944,0.0946,0.0901,2.12e-05,0.229,0.866,106.957,"hip hop, pop, R&B"
Madonna,Don't Tell Me,280973,2000,53,0.699,0.618,-7.338,0.0594,0.0502,0.000925,0.0914,0.679,99.965,pop
Blue,If You Come Back,207560,2001,58,0.582,0.707,-4.487,0.0319,0.0822,0.0,0.0467,0.701,78.375,pop
Atomic Kitten,Eternal Flame - Single Version,195506,2001,58,0.578,0.581,-6.867,0.0318,0.0658,0.0042,0.0674,0.408,83.293,pop
Jagged Edge,Where the Party At (feat. Nelly),232573,2001,67,0.596,0.661,-6.239,0.226,0.31,0.0,0.0847,0.86,129.491,"hip hop, pop, R&B"
S Club 7,Don't Stop Movin',233626,2001,63,0.822,0.672,-6.133,0.0329,0.0285,0.0,0.213,0.91,117.033,pop
Craig David,Fill Me In,257200,2000,60,0.682,0.744,-6.981,0.0365,0.376,0.00951,0.06,0.827,132.493,"hip hop, pop, R&B"
Nelly Furtado,Turn Off The Light,276106,2000,1,0.587,0.679,-6.26,0.0927,0.0839,0.000316,0.413,0.65,180.184,"hip hop, pop, latin"
The Supermen Lovers,Starlight - Radio Edit,234400,2001,61,0.739,0.679,-5.079,0.0373,0.000424,0.0187,0.389,0.786,127.487,Dance/Electronic
Mis-Teeq,All I Want - Sunship Radio Edit,207400,2004,46,0.795,0.919,-3.07,0.0835,0.37,0.00863,0.189,0.96,134.079,"pop, Dance/Electronic"
Jagged Edge,Promise,246720,2000,56,0.751,0.568,-5.431,0.0872,0.136,0.0,0.0288,0.646,128.002,"hip hop, pop, R&B"
S Club 7,Have You Ever,201533,2001,60,0.585,0.702,-5.734,0.0325,0.538,0.0,0.216,0.51,139.909,pop
Enya,Only Time,218546,2000,69,0.418,0.249,-13.744,0.0301,0.841,0.661,0.112,0.213,82.803,"World/Traditional, Folk/Acoustic"
Faith Hill,There You'll Be,222120,2001,60,0.321,0.511,-7.77,0.0306,0.513,0.0,0.127,0.17,128.98,"pop, country"
Ronan Keating,Lovin' Each Day,212973,2000,58,0.541,0.899,-6.261,0.0633,0.0178,2.95e-06,0.286,0.829,106.676,"pop, rock"
Destiny's Child,Bootylicious,207906,2001,64,0.84,0.835,-4.386,0.275,0.00281,1.11e-06,0.152,0.637,103.376,"pop, R&B"
Steps,It's the Way You Make Me Feel,197360,2000,53,0.573,0.665,-5.081,0.0239,0.108,2.09e-06,0.095,0.347,105.006,"pop, Dance/Electronic"
Sunshine Anderson,Heard It All Before,295826,2001,56,0.697,0.925,-4.209,0.216,0.0614,0.0,0.095,0.678,96.951,"pop, R&B"
Lenny Kravitz,Again,231666,2000,68,0.55,0.804,-5.218,0.0271,0.0148,4.33e-05,0.105,0.789,79.166,"rock, pop"
Daniel Bedingfield,Gotta Get Thru This - D'N'D Radio Edit,162333,2002,46,0.836,0.762,-5.044,0.0598,0.0826,5.48e-05,0.102,0.941,133.592,pop
DB Boulevard,Point Of View - Radio Edit,231166,2018,0,0.676,0.715,-6.854,0.0287,0.00284,0.0746,0.0685,0.275,129.006,Dance/Electronic
Janet Jackson,All For You,329933,2001,65,0.753,0.934,-3.011,0.0736,0.0174,0.065,0.128,0.73,113.525,"pop, R&B"
Atomic Kitten,Whole Again,185013,2001,66,0.747,0.706,-4.653,0.0413,0.0844,0.00355,0.174,0.567,94.019,pop
Ja Rule,Livin' It Up,257066,2001,64,0.874,0.768,-4.086,0.311,0.0554,0.0,0.041,0.636,106.095,"hip hop, pop, R&B"
Destiny's Child,"Independent Women, Pt. 1",221133,2001,65,0.73,0.602,-3.782,0.206,0.362,3.69e-06,0.169,0.927,97.954,"pop, R&B"
DJ Pied Piper & The Masters Of Ceremonies,Do You Really Like It? - Radio Edit,217120,2001,54,0.847,0.877,-5.424,0.0493,0.124,0.0,0.148,0.764,131.044,Dance/Electronic
Musiq Soulchild,Love,304666,2000,0,0.569,0.385,-9.919,0.0499,0.342,0.0,0.0876,0.339,99.738,"pop, R&B"
Robbie Williams,Eternity,302760,2001,48,0.469,0.316,-8.106,0.0265,0.504,6.04e-06,0.0919,0.199,77.967,"pop, rock"
Basement Jaxx,Romeo,217493,2001,0,0.713,0.829,-4.171,0.0491,0.00769,0.00203,0.139,0.844,126.853,"pop, Dance/Electronic"
Gabrielle,Rise,219093,2001,60,0.558,0.481,-9.487,0.026,0.315,8.83e-06,0.09,0.631,144.673,"pop, R&B"
Travis,Sing,228800,2001,68,0.33,0.905,-5.047,0.0497,0.000233,8.14e-06,0.0712,0.259,163.142,"rock, pop"
Gabrielle,Out Of Reach,196986,2001,69,0.51,0.48,-6.567,0.0452,0.503,0.0,0.106,0.496,182.862,"pop, R&B"
K-Ci & JoJo,Crazy,262773,2019,30,0.68,0.644,-4.507,0.0258,0.084,0.0,0.549,0.484,116.097,"pop, R&B"
3LW,No More (Baby I'ma Do Right),263440,2000,56,0.721,0.723,-7.08,0.0631,0.102,4.4e-06,0.0651,0.761,88.933,"pop, R&B"
Ginuwine,Differences,265533,2001,65,0.562,0.594,-4.578,0.0558,0.318,0.0,0.311,0.423,62.876,"hip hop, pop, R&B"
*NSYNC,Gone,292000,2001,45,0.699,0.403,-8.564,0.0614,0.421,0.0,0.126,0.5,113.922,pop
Lifehouse,Hanging By A Moment,216360,2000,61,0.537,0.858,-4.903,0.0349,0.000966,0.0,0.0812,0.502,124.599,"pop, rock, metal"
Avril Lavigne,Complicated,244506,2002,78,0.585,0.776,-5.898,0.0459,0.0572,7.74e-06,0.3,0.427,77.987,pop
Vanessa Carlton,A Thousand Miles,237493,2002,75,0.56,0.825,-3.862,0.0379,0.323,0.0,0.161,0.268,94.931,"Folk/Acoustic, pop"
The Calling,Wherever You Will Go,208600,2001,72,0.558,0.719,-5.113,0.0267,0.0367,0.0,0.115,0.371,112.027,pop
Shakira,Underneath Your Clothes,224066,2001,64,0.616,0.597,-5.328,0.0415,0.691,0.0,0.104,0.362,165.508,"pop, latin"
No Doubt,Underneath It All,302720,2001,27,0.729,0.731,-4.822,0.0684,0.232,1.57e-06,0.391,0.839,138.202,"rock, pop"
Diddy,"I Need a Girl (Pt. 2) [feat. Loon, Ginuwine & Mario Winans]",285586,2004,69,0.713,0.471,-7.392,0.483,0.421,0.0,0.0308,0.779,199.764,"hip hop, pop"
Christina Milian,When You Look At Me - Radio Edit,222546,2001,60,0.955,0.839,-3.399,0.127,0.0934,0.000175,0.099,0.825,108.955,"hip hop, pop, R&B"
Madonna,Die Another Day,276360,2003,53,0.792,0.797,-5.166,0.0901,0.062,0.00325,0.0896,0.491,123.993,pop
Jennifer Lopez,I'm Gonna Be Alright (feat. Nas),172240,2002,53,0.718,0.69,-4.382,0.265,0.106,0.0,0.271,0.774,93.401,"hip hop, pop, R&B"
Angie Martinez,If I Could Go! (feat. Lil' Mo & Sacario),244466,2019,40,0.583,0.643,-7.486,0.355,0.171,0.0,0.0395,0.7,195.685,pop
Linkin Park,In the End,216880,2000,83,0.556,0.864,-5.87,0.0584,0.00958,0.0,0.209,0.4,105.143,"rock, metal"
Las Ketchup,The Ketchup Song (Aserejé) - Spanglish Version,213973,2002,66,0.607,0.923,-6.777,0.0948,0.0193,1.1e-06,0.0924,0.868,184.819,set()
Aaliyah,Rock The Boat,275026,2019,0,0.641,0.72,-5.209,0.0336,0.0688,0.00286,0.193,0.418,92.988,"hip hop, pop, R&B"
Holly Valance,Kiss Kiss,204400,2002,54,0.705,0.717,-4.944,0.125,0.00369,0.461,0.0701,0.554,97.036,"pop, Dance/Electronic"
Sugababes,Round Round,236426,2002,59,0.74,0.845,-3.802,0.0338,0.00287,6.23e-06,0.115,0.749,126.607,"pop, R&B"
Marilyn Manson,Tainted Love,200426,2003,60,0.622,0.876,-7.779,0.0728,0.00107,1.83e-06,0.292,0.537,142.017,"rock, metal"
Brandy,What About Us?,253200,2002,43,0.686,0.698,-2.942,0.223,0.263,0.0,0.39,0.748,93.118,"hip hop, pop, R&B"
Chad Kroeger,Hero (feat. Josey Scott),200480,2003,66,0.427,0.843,-4.54,0.0364,0.00216,0.0,0.179,0.304,147.387,metal
Britney Spears,Overprotected - Radio Edit,198600,2001,61,0.682,0.894,-1.73,0.0727,0.0381,0.0,0.416,0.845,95.992,pop
Scooter,The Logical Song,234116,2013,46,0.527,0.933,-6.277,0.0382,0.00112,0.0362,0.425,0.493,144.043,"pop, Dance/Electronic"
Aaliyah,More Than A Woman,230346,2002,42,0.646,0.638,-5.803,0.0787,0.0556,0.0014,0.182,0.74,86.994,"hip hop, pop, R&B"
Brandy,Full Moon,248933,2002,52,0.611,0.654,-4.823,0.139,0.372,0.00432,0.0926,0.609,105.922,"hip hop, pop, R&B"
Blue,One Love,207186,2002,60,0.683,0.722,-4.039,0.0358,0.0243,4.2e-05,0.35,0.854,95.012,pop
Céline Dion,A New Day Has Come - Radio Remix,259773,2001,59,0.574,0.691,-5.103,0.035,0.0826,1.65e-05,0.149,0.195,91.969,pop
Scooter,Nessaja,208449,2013,47,0.486,0.904,-6.642,0.0364,0.000748,0.0984,0.187,0.118,143.048,"pop, Dance/Electronic"
Kylie Minogue,Spinning Around,207866,2000,55,0.761,0.662,-7.645,0.0548,0.292,6.19e-05,0.0956,0.631,120.043,"pop, Dance/Electronic"
Gareth Gates,Anyone of Us (Stupid Mistake),227866,2003,53,0.7,0.72,-6.061,0.0261,0.285,0.0,0.0845,0.654,106.986,pop
Christina Aguilera,Dirrty (feat. Redman),298853,2002,68,0.64,0.889,-3.073,0.322,0.107,0.0,0.339,0.436,99.931,pop
B2K,Uh Huh,223293,2002,49,0.855,0.681,-4.955,0.0688,0.0881,3.7e-06,0.0592,0.908,99.699,"hip hop, pop, R&B"
Sugababes,Freak Like Me,195866,2002,45,0.517,0.919,-3.451,0.0925,0.0996,1.81e-06,0.557,0.387,91.868,"pop, R&B"
Dirty Vegas,Days Go By,432146,2002,48,0.786,0.853,-8.274,0.0688,0.0499,0.0872,0.35,0.309,126.99,Dance/Electronic
Liberty X,Just A Little,237359,2019,43,0.786,0.614,-6.554,0.0574,0.00616,0.0,0.049,0.742,103.887,pop
No Doubt,Hella Good,242586,2001,26,0.771,0.665,-3.954,0.035,0.0135,0.0123,0.0903,0.844,115.142,"rock, pop"
LL Cool J,Luv U Better,287000,2002,2,0.668,0.806,-3.9,0.239,0.232,0.0,0.18,0.721,95.022,"hip hop, pop, R&B"
Red Hot Chili Peppers,Can't Stop,269000,2002,80,0.618,0.938,-3.442,0.0456,0.0179,0.0,0.167,0.875,91.455,rock
Musiq Soulchild,Halfcrazy,254493,2002,58,0.412,0.77,-6.057,0.18,0.462,1.5e-06,0.0485,0.418,101.955,"pop, R&B"
Faith Evans,I Love You,267160,2001,53,0.489,0.757,-4.062,0.0926,0.00981,0.0,0.234,0.567,168.004,"hip hop, pop, R&B"
Kylie Minogue,Love at First Sight,238266,2001,55,0.603,0.774,-6.066,0.0428,0.0288,0.051,0.0533,0.48,124.994,"pop, Dance/Electronic"
Gareth Gates,Unchained Melody,233666,2003,35,0.368,0.426,-8.049,0.0277,0.255,5.39e-06,0.108,0.208,106.52,pop
Diddy,I Need a Girl (Pt. 1) [feat. Usher & Loon],268800,2005,63,0.66,0.707,-5.758,0.208,0.397,0.0,0.211,0.761,89.279,"hip hop, pop"
Big Brovaz,Nu Flow,201480,2001,45,0.783,0.726,-8.718,0.106,0.0903,2.53e-06,0.363,0.784,148.062,pop
No Doubt,Hey Baby,207040,2001,24,0.705,0.872,-3.557,0.125,0.0602,0.0,0.228,0.746,93.63,"rock, pop"
Sophie Ellis-Bextor,Murder On The Dancefloor,230013,2002,62,0.734,0.848,-5.285,0.0309,0.00312,1.16e-05,0.313,0.863,117.31,"pop, Dance/Electronic"
Justin Timberlake,Like I Love You,283626,2002,62,0.853,0.811,-4.927,0.0646,0.0439,0.000307,0.0703,0.9,114.964,pop
Mary J. Blige,Rainy Dayz,276373,2001,32,0.412,0.667,-6.997,0.229,0.195,0.0,0.305,0.533,68.942,"pop, R&B"
A1,Caught in the Middle,206466,2001,53,0.519,0.874,-5.122,0.034,0.0524,0.0,0.243,0.572,96.072,pop
Delta Goodrem,Born to Try,251280,2003,54,0.542,0.589,-6.813,0.0284,0.246,0.0,0.188,0.336,133.838,pop
P!nk,Get the Party Started,192533,2001,68,0.802,0.903,-3.267,0.046,0.0011,0.0,0.173,0.96,128.93,pop
Alicia Keys,A Woman's Worth,303333,2001,52,0.652,0.41,-8.323,0.158,0.333,0.0,0.064,0.495,75.09,"pop, R&B"
Daniel Bedingfield,Gotta Get Thru This - D'N'D Radio Edit,161240,2002,56,0.838,0.764,-5.076,0.0586,0.0862,0.000122,0.0906,0.924,133.592,pop
Coldplay,Clocks,307879,2002,79,0.577,0.749,-7.215,0.0279,0.599,0.0115,0.183,0.255,130.97,"rock, pop"
Ronan Keating,If Tomorrow Never Comes,214306,2002,60,0.555,0.496,-6.136,0.028,0.333,0.0,0.0956,0.27,79.01,"pop, rock"
Creed,My Sacrifice,294600,2001,69,0.32,0.88,-6.035,0.0504,0.000101,4.31e-06,0.076,0.257,146.349,"pop, rock, metal"
Avril Lavigne,Sk8er Boi,204000,2002,75,0.487,0.9,-4.417,0.0482,6.79e-05,0.0,0.358,0.484,149.937,pop
DJ Sammy,Heaven,233600,2002,63,0.571,0.953,-5.601,0.0548,0.0011,0.000606,0.226,0.601,137.965,pop
Britney Spears,"I'm Not a Girl, Not Yet a Woman",231066,2001,58,0.534,0.543,-6.857,0.0245,0.579,0.0,0.112,0.418,78.996,pop
Red Hot Chili Peppers,By the Way,216933,2002,73,0.451,0.97,-4.938,0.107,0.0264,0.00355,0.102,0.198,122.444,rock
Elvis Presley,A Little Less Conversation - JXL Radio Edit Remix,211506,2002,60,0.597,0.97,-5.972,0.0502,0.000385,0.205,0.133,0.717,114.999,"rock, easy listening"
Atomic Kitten,The Tide Is High - Radio Mix,206093,2002,65,0.783,0.649,-4.127,0.0322,0.0209,0.00482,0.067,0.665,103.997,pop
*NSYNC,Girlfriend,253600,2001,50,0.745,0.807,-5.191,0.0884,0.0887,1.49e-05,0.0283,0.858,93.967,pop
Robbie Williams,Somethin' Stupid,170493,2001,64,0.654,0.515,-12.185,0.0261,0.429,5.62e-06,0.174,0.677,106.191,"pop, rock"
Alanis Morissette,Hands Clean,269400,2002,57,0.513,0.82,-5.428,0.0299,0.00192,2.83e-06,0.504,0.52,99.952,"pop, Folk/Acoustic"
Creed,One Last Breath - Radio Version,242000,2015,47,0.38,0.725,-6.094,0.0365,0.00571,0.00015,0.3,0.202,130.581,"pop, rock, metal"
The Goo Goo Dolls,Here Is Gone,238173,2002,56,0.338,0.685,-5.178,0.0322,0.00052,0.000512,0.109,0.221,102.192,"pop, rock"
Blazin' Squad,Crossroads - Radio Edit,188693,2012,40,0.661,0.746,-5.153,0.042,0.109,0.0,0.325,0.502,144.188,set()
Default,Wasting My Time,268693,2001,40,0.443,0.769,-5.529,0.0312,0.00138,0.0,0.0677,0.17,147.973,"rock, pop, metal"
Michelle Branch,All You Wanted,217680,2001,60,0.499,0.72,-9.101,0.0286,0.00466,0.00303,0.122,0.652,96.103,"pop, Folk/Acoustic"
Daniel Bedingfield,If You're Not The One,257026,2002,58,0.688,0.538,-7.608,0.0292,0.504,0.0,0.111,0.27,119.998,pop
Enrique Iglesias,Escape,208626,2001,56,0.776,0.844,-5.305,0.0297,0.0277,0.000244,0.135,0.868,125.972,"pop, latin"
Puddle Of Mudd,Blurry,303920,2001,64,0.432,0.936,-4.537,0.0562,0.00691,0.0,0.14,0.499,157.469,"rock, metal"
Coldplay,In My Place,226680,2002,72,0.424,0.588,-5.455,0.0278,0.0553,4.95e-06,0.298,0.193,144.636,"rock, pop"
P!nk,Don't Let Me Get Me - Radio Edit,210693,2001,60,0.624,0.85,-4.754,0.0756,0.00234,0.0,0.0621,0.615,98.525,pop
Sean Paul,Get Busy,211666,2002,74,0.735,0.824,-4.143,0.036,0.615,0.0,0.158,0.726,100.202,"hip hop, pop"
Beyoncé,Crazy In Love (feat. Jay-Z),236133,2003,76,0.646,0.77,-6.596,0.226,0.00249,0.0,0.0715,0.681,99.165,"pop, R&B"
Counting Crows,Big Yellow Taxi,225426,2003,50,0.669,0.873,-4.315,0.0494,0.00204,0.0,0.137,0.827,88.029,"rock, pop"
Black Eyed Peas,Where Is The Love?,272533,2003,68,0.835,0.687,-3.18,0.184,0.101,0.0,0.132,0.828,94.059,"hip hop, pop"
Jennifer Lopez,Jenny from the Block (feat. Jadakiss & Styles P.) - Track Masters Remix,187840,2002,70,0.845,0.768,-5.448,0.188,0.00733,5.04e-06,0.0575,0.96,100.0,"hip hop, pop, R&B"
Black Eyed Peas,Shut Up,296186,2003,56,0.81,0.714,-3.966,0.243,0.0637,0.0,0.237,0.561,112.968,"hip hop, pop"
Benny Benassi,Satisfaction (Isak Original Extended) - Benny Benassi Presents The Biz,285570,2003,66,0.793,0.698,-3.626,0.104,0.163,0.145,0.0745,0.339,130.017,"pop, Dance/Electronic"
Panjabi MC,Mundian to Bach Ke,244666,2003,61,0.778,0.879,-4.951,0.0371,0.399,0.792,0.15,0.942,98.077,"World/Traditional, hip hop"
Mis-Teeq,Scandalous - U.S. Radio Edit,238840,2004,59,0.734,0.668,-3.935,0.0349,0.0526,0.0,0.0925,0.651,99.971,"pop, Dance/Electronic"
Jamelia,Superstar,215480,2003,69,0.801,0.645,-6.93,0.0356,0.0457,0.0,0.0357,0.824,110.01,pop
Linkin Park,Faint,162600,2003,72,0.554,0.978,-3.554,0.131,0.111,0.0,0.0731,0.594,135.095,"rock, metal"
Evanescence,Bring Me To Life,235893,2003,79,0.331,0.943,-3.188,0.0698,0.00721,2.06e-06,0.242,0.296,94.612,metal
Sugababes,Hole In The Head,218173,2003,57,0.785,0.933,-4.629,0.0309,0.0303,0.0,0.137,0.962,125.011,"pop, R&B"
Craig David,Rise & Fall (feat. Sting),287226,2002,59,0.405,0.589,-7.51,0.0586,0.252,0.0,0.661,0.808,83.373,"hip hop, pop, R&B"
Three Days Grace,I Hate Everything About You,231480,2003,72,0.498,0.83,-5.157,0.0421,0.00461,0.0,0.139,0.453,89.342,"rock, metal"
Lil Jon & The East Side Boyz,Get Low,324600,2002,47,0.78,0.604,-8.019,0.0396,0.022,0.0,0.194,0.12,101.043,"hip hop, pop"
B2K,"Bump, Bump, Bump (feat. P. Diddy)",282773,2003,62,0.835,0.68,-6.02,0.21,0.1,0.0,0.049,0.889,95.508,"hip hop, pop, R&B"
Baby Bash,Suga Suga,239026,2003,73,0.662,0.748,-3.041,0.268,0.688,8.43e-06,0.0841,0.535,82.331,"hip hop, pop, R&B, latin"
Aaliyah,Miss You - Main,245240,2002,36,0.602,0.34,-9.867,0.0375,0.618,0.0,0.234,0.511,109.598,"hip hop, pop, R&B"
Britney Spears,Me Against the Music (feat. Madonna) - LP Version / Video Mix,223773,2003,59,0.804,0.836,-6.635,0.089,0.32,0.0,0.213,0.85,120.046,pop
Blue,Sorry Seems To Be The Hardest Word,210066,2004,57,0.564,0.6,-6.814,0.0305,0.183,2.19e-06,0.38,0.442,78.955,pop
Delta Goodrem,Lost Without You,248546,2003,54,0.581,0.747,-6.682,0.0283,0.0365,1.69e-06,0.193,0.514,146.301,pop
Justin Timberlake,Rock Your Body,267266,2002,76,0.892,0.714,-6.055,0.141,0.201,0.000234,0.0521,0.817,100.972,pop
The White Stripes,Seven Nation Army,231920,2003,3,0.741,0.469,-7.627,0.0805,0.00601,0.447,0.306,0.313,123.904,"rock, blues"
Beyoncé,Baby Boy (feat. Sean Paul),244826,2003,63,0.655,0.488,-9.17,0.22,0.0825,1.16e-06,0.221,0.791,91.025,"pop, R&B"
Christina Aguilera,Can't Hold Us Down (feat. Lil' Kim),255266,2002,61,0.859,0.658,-4.481,0.192,0.0326,0.00181,0.0651,0.538,98.989,pop
Nickelback,Someday,207466,2003,68,0.455,0.858,-5.659,0.0391,0.000616,0.000247,0.226,0.597,163.118,"rock, metal"
Blue,U Make Me Wanna - Radio Edit,222400,2003,48,0.6,0.736,-6.228,0.0329,0.325,0.0,0.137,0.848,158.108,pop
Ashanti,Rain On Me,297960,2003,50,0.606,0.699,-3.103,0.0337,0.343,1.89e-06,0.0757,0.509,83.701,"hip hop, pop, R&B"
Simply Red,Sunrise,199040,2008,58,0.791,0.733,-5.123,0.029,0.00189,0.201,0.0859,0.917,105.987,"rock, R&B, Folk/Acoustic, pop"
Lumidee,"Never Leave You (Uh Oooh, Uh Oooh)",184906,2003,61,0.811,0.657,-6.197,0.362,0.0391,0.712,0.0798,0.777,199.958,"pop, R&B"
Girls Aloud,Sound Of The Underground,221426,2003,58,0.568,0.867,-5.861,0.0365,0.00344,4.67e-05,0.328,0.88,163.944,"pop, Dance/Electronic"
Nelly,Shake Ya Tailfeather (feat. P. Diddy & Murphy Lee) - 2016 Remaster,293666,2016,52,0.527,0.808,-4.749,0.295,0.176,0.0,0.169,0.907,87.025,"hip hop, pop, R&B"
Room 5,Make Luv,212413,2003,57,0.883,0.887,-4.92,0.116,0.0111,0.63,0.0367,0.648,124.814,Dance/Electronic
Limp Bizkit,Behind Blue Eyes,269973,2003,70,0.595,0.489,-6.66,0.0271,0.497,0.0,0.119,0.0902,120.315,metal
Sugababes,Too Lost In You,237693,2003,58,0.586,0.705,-4.904,0.0287,0.0485,0.0,0.15,0.459,98.014,"pop, R&B"
Mýa,My Love Is Like...Wo - Main Mix,209533,2003,48,0.831,0.695,-6.491,0.109,0.194,1.24e-05,0.309,0.722,132.817,"pop, R&B"
Girls Aloud,Jump,220360,2003,60,0.658,0.826,-6.031,0.0346,0.00189,0.00275,0.0492,0.795,134.465,"pop, Dance/Electronic"
Ultrabeat,Pretty Green Eyes - Radio Edit,201920,2003,59,0.553,0.775,-10.284,0.043,0.212,0.0,0.0728,0.51,139.993,"pop, Dance/Electronic"
Christina Aguilera,Fighter,245960,2002,67,0.435,0.92,-1.357,0.201,0.235,0.000353,0.552,0.45,188.899,pop
Frankie J,Don't Wanna Try,245293,2003,49,0.655,0.433,-7.577,0.0348,0.444,0.0,0.221,0.199,130.127,"hip hop, pop, R&B"
Floetry,Say Yes,268373,2002,57,0.747,0.398,-12.932,0.0743,0.211,1.42e-06,0.113,0.428,117.901,"hip hop, pop, R&B"
Electric Six,Danger! High Voltage - Soulchild Radio Mix,214600,2003,0,0.66,0.698,-4.722,0.0302,1.92e-05,0.166,0.0517,0.511,123.005,rock
Rachel Stevens,Sweet Dreams My LA Ex - Radio Edit,208386,2003,38,0.85,0.862,-3.587,0.138,0.0733,0.00144,0.0936,0.908,130.036,"pop, Dance/Electronic"
Nas,I Can,253720,2002,58,0.837,0.885,-3.914,0.182,0.103,0.0,0.0666,0.694,95.313,hip hop
3 Doors Down,When I'm Gone,260333,2002,67,0.53,0.768,-5.611,0.0284,0.00385,0.0,0.103,0.374,148.095,"pop, rock, metal"
Tyrese,How You Gonna Act Like That,294693,2002,60,0.733,0.521,-3.657,0.0457,0.107,0.0,0.0692,0.525,112.913,"hip hop, pop, R&B"
Justin Timberlake,Cry Me a River,288333,2002,73,0.624,0.654,-6.582,0.183,0.577,0.0,0.104,0.564,73.898,pop
Westlife,Mandy,199320,2003,57,0.447,0.636,-5.08,0.0278,0.254,9.25e-05,0.11,0.376,105.678,pop
No Doubt,It's My Life,226053,2003,60,0.612,0.735,-5.074,0.0282,0.00202,0.00118,0.328,0.783,126.326,"rock, pop"
Amanda Perez,Angel,218760,2003,48,0.638,0.54,-6.849,0.0473,0.506,0.0,0.157,0.352,143.772,"pop, R&B"
Coldplay,Clocks,307879,2002,79,0.577,0.749,-7.215,0.0279,0.599,0.0115,0.183,0.255,130.97,"rock, pop"
Kelly Rowland,Stole,249293,2002,54,0.649,0.718,-4.984,0.0594,0.00676,4.26e-06,0.174,0.477,79.993,"hip hop, pop, R&B"
Ashanti,Rock Wit U (Awww Baby),209120,2003,65,0.71,0.797,-3.006,0.0582,0.408,0.0,0.16,0.849,94.998,"hip hop, pop, R&B"
Junior Senior,Move Your Feet,181826,2002,67,0.747,0.904,-2.623,0.0803,0.046,0.106,0.203,0.846,118.877,pop
Audioslave,Like a Stone,293960,2002,75,0.614,0.568,-5.477,0.0276,0.00797,0.0,0.0997,0.516,107.849,"rock, metal"
Sean Paul,Like Glue,232506,2002,61,0.757,0.78,-5.038,0.319,0.0811,0.0,0.113,0.59,97.917,"hip hop, pop"
Jennifer Lopez,All I Have (feat. LL Cool J),254466,2002,60,0.701,0.669,-5.265,0.107,0.271,0.0,0.158,0.446,83.066,"hip hop, pop, R&B"
Monica,So Gone,242773,2003,64,0.618,0.552,-6.863,0.0981,0.176,0.0,0.252,0.586,81.975,"pop, R&B"
Dido,White Flag,240040,2003,44,0.512,0.525,-6.823,0.0401,0.327,3.3e-06,0.081,0.294,169.951,pop
Kelly Clarkson,Miss Independent,214773,2003,47,0.656,0.615,-6.359,0.137,0.0769,0.000415,0.0706,0.592,175.943,"pop, R&B"
Matchbox Twenty,Unwell,228706,2002,63,0.256,0.788,-5.263,0.0403,0.0298,0.0,0.707,0.429,80.718,"pop, rock"
Switchfoot,Meant to Live,201373,2003,61,0.397,0.903,-4.577,0.0457,0.00575,1.6e-06,0.362,0.556,151.551,"rock, pop"
Daniel Bedingfield,If You're Not The One,257026,2002,58,0.688,0.538,-7.608,0.0292,0.504,0.0,0.111,0.27,119.998,pop
Good Charlotte,Lifestyles of the Rich & Famous,190173,2002,68,0.62,0.93,-3.685,0.0374,0.00043,0.0,0.0686,0.609,106.22,"rock, metal"
Wayne Wonder,No Letting Go,202013,2003,63,0.496,0.819,-5.656,0.0444,0.0479,0.000215,0.177,0.317,100.215,"hip hop, R&B"
The Strokes,Reptilia,219826,2003,74,0.489,0.649,-5.11,0.0336,0.000603,0.713,0.101,0.77,158.009,rock
Avril Lavigne,I'm with You,223066,2002,70,0.457,0.406,-7.462,0.0291,0.08,0.0,0.117,0.208,151.95,pop
Will Young,Leave Right Now,214733,2003,55,0.641,0.445,-8.674,0.0368,0.145,0.0,0.108,0.383,81.931,pop
Usher,Yeah! (feat. Lil Jon & Ludacris),250373,2004,81,0.894,0.791,-4.699,0.112,0.0183,0.0,0.0388,0.583,105.018,"hip hop, pop, R&B"
Maroon 5,This Love,206200,2002,77,0.712,0.862,-4.612,0.0378,0.0525,0.0,0.093,0.809,95.051,pop
Britney Spears,Toxic,198800,2003,81,0.774,0.838,-3.914,0.114,0.0249,0.025,0.242,0.924,143.04,pop
Outkast,Hey Ya!,235213,2003,80,0.727,0.974,-2.261,0.0664,0.103,0.000532,0.174,0.965,79.526,"hip hop, pop"
Hoobastank,The Reason,232800,2003,79,0.472,0.671,-4.649,0.029,0.0129,0.0,0.159,0.0681,82.952,"pop, rock, metal"
Anastacia,Left Outside Alone,257426,2004,65,0.663,0.746,-3.567,0.0321,0.0697,0.0,0.0929,0.325,102.847,pop
Daddy Yankee,Gasolina,192600,2004,11,0.857,0.801,-6.499,0.0618,0.332,1.2e-06,0.0789,0.753,96.009,latin
Black Eyed Peas,Let's Get It Started - Spike Mix,217733,2004,53,0.785,0.799,-2.208,0.126,0.117,0.0,0.292,0.797,104.923,"hip hop, pop"
O-Zone,Dragostea Din Tei,215431,2004,56,0.809,0.965,-3.947,0.0427,0.177,0.0,0.0577,0.672,130.103,pop
Anastacia,Sick and Tired,212266,1999,56,0.598,0.868,-4.552,0.0373,0.00908,0.0,0.279,0.47,99.848,pop
Gwen Stefani,What You Waiting For?,221226,2004,60,0.676,0.948,-2.557,0.0628,0.0509,8.19e-06,0.384,0.731,136.027,"pop, R&B"
Ashanti,Only U - No Intro,186306,2004,56,0.601,0.621,-5.576,0.0434,0.0374,1.75e-06,0.188,0.278,94.547,"hip hop, pop, R&B"
The Rasmus,In the Shadows,257920,2003,68,0.6,0.796,-4.481,0.0275,0.000109,5.2e-05,0.484,0.75,105.991,metal
Houston,I Like That,236520,2004,59,0.797,0.502,-3.925,0.0968,0.0154,0.0,0.1,0.385,106.997,"hip hop, pop"
Beyoncé,Naughty Girl,208600,2003,63,0.735,0.466,-8.65,0.0857,0.239,6.24e-06,0.102,0.643,99.973,"pop, R&B"
Linkin Park,Numb,185586,2003,81,0.496,0.863,-4.153,0.0381,0.0046,0.0,0.639,0.243,110.018,"rock, metal"
Jay Sean,Eyes On You - Radio Mix,190493,2004,42,0.802,0.672,-4.971,0.0847,0.0775,0.0,0.136,0.619,96.525,"hip hop, pop, R&B"
Mario Winans,I Don't Wanna Know (feat. Enya & P. Diddy) - 2016 Remaster,257333,2016,66,0.833,0.515,-5.0,0.0462,0.347,0.00156,0.116,0.4,97.007,pop
Destiny's Child,Lose My Breath,242013,2004,61,0.814,0.899,-5.958,0.0637,0.00727,0.219,0.0979,0.545,119.011,"pop, R&B"
Eric Prydz,Call on Me - Radio Mix,171360,2004,72,0.597,0.837,-6.518,0.375,0.00427,0.00115,0.839,0.447,126.342,"pop, Dance/Electronic"
Ciara,Goodies (feat. Petey Pablo),223000,2004,67,0.826,0.647,-6.306,0.0491,0.0277,1.52e-06,0.298,0.872,102.017,"pop, R&B"
LL Cool J,Headsprung,267320,2004,56,0.718,0.786,-5.76,0.0284,0.0114,2.5e-05,0.0745,0.465,99.916,"hip hop, pop, R&B"
Spiderbait,Black Betty - Edit,205973,2004,63,0.562,0.865,-6.476,0.0922,2.06e-05,0.591,0.219,0.35,124.047,rock
George Michael,Amazing,265826,2004,57,0.805,0.754,-6.825,0.0394,0.0884,1.77e-06,0.117,0.88,128.429,set()
Britney Spears,My Prerogative,213893,2004,53,0.749,0.938,-4.423,0.118,0.0127,1.96e-06,0.103,0.619,111.014,pop
Nina Sky,Move Ya Body,232000,2004,67,0.87,0.712,-6.313,0.0432,0.0202,0.000331,0.0576,0.877,121.057,"pop, R&B"
Baby Bash,Suga Suga,239026,2003,73,0.662,0.748,-3.041,0.268,0.688,8.43e-06,0.0841,0.535,82.331,"hip hop, pop, R&B, latin"
Juanes,La Camisa Negra,216706,2004,70,0.751,0.731,-4.419,0.0308,0.0838,0.0,0.0556,0.973,97.007,"pop, latin"
Avril Lavigne,Nobody's Home,212413,2004,61,0.348,0.907,-3.66,0.0497,0.000516,0.0,0.161,0.177,185.406,pop
Robbie Williams,Radio,233600,2004,33,0.607,0.874,-5.409,0.0349,0.00331,0.0494,0.26,0.846,130.015,"pop, rock"
Enrique Iglesias,Not In Love - Radio Mix,223133,2003,37,0.762,0.885,-5.096,0.0395,0.0371,0.0,0.0519,0.886,117.021,"pop, latin"
Kelis,Milkshake,182626,2003,68,0.881,0.774,-6.068,0.0439,0.00986,0.0346,0.206,0.759,112.968,"pop, R&B, Dance/Electronic"
Linkin Park,Breaking the Habit,196906,2003,68,0.579,0.849,-5.218,0.0303,0.108,0.0,0.0909,0.581,100.021,"rock, metal"
JoJo,Leave (Get Out) - Radio Edit,242746,2005,49,0.656,0.513,-8.691,0.253,0.156,6.45e-05,0.0763,0.464,86.891,"hip hop, pop, R&B"
Christina Milian,Dip It Low,197186,2004,45,0.752,0.722,-4.207,0.104,0.0108,0.000536,0.0753,0.612,169.131,"hip hop, pop, R&B"
Avant,Read Your Mind,263506,2003,56,0.755,0.381,-6.696,0.0711,0.291,5.13e-06,0.0974,0.695,73.108,"pop, R&B"
Sugababes,Too Lost In You,237693,2003,58,0.586,0.705,-4.904,0.0287,0.0485,0.0,0.15,0.459,98.014,"pop, R&B"
Sean Paul,I'm Still in Love with You (feat. Sasha),273360,2002,68,0.765,0.666,-5.384,0.172,0.102,0.0,0.116,0.756,87.002,"hip hop, pop"
The Shapeshifters,Lola's Theme - Radio Edit,207066,2004,65,0.748,0.845,-4.612,0.0536,0.00083,0.000225,0.068,0.659,123.925,Dance/Electronic
Basement Jaxx,Good Luck,282306,2003,0,0.571,0.968,-3.092,0.162,0.0649,3.07e-06,0.592,0.313,154.07,"pop, Dance/Electronic"
Kevin Lyttle,Turn Me On,192106,2004,67,0.677,0.682,-6.879,0.0361,0.0405,0.0,0.0351,0.875,106.279,hip hop
Chingy,One Call Away,276800,2003,61,0.765,0.821,-5.926,0.183,0.0918,0.0,0.217,0.962,162.519,"hip hop, pop, R&B"
DJ Casper,Cha Cha Slide - Hardino Mix,222146,2004,51,0.853,0.911,-6.722,0.125,0.0436,0.00571,0.287,0.802,131.012,set()
Kylie Minogue,I Believe in You,200973,2004,47,0.548,0.785,-5.087,0.0704,0.00277,0.048,0.329,0.418,120.939,"pop, Dance/Electronic"
N.E.R.D,She Wants To Move,213786,2004,57,0.766,0.851,-4.831,0.0786,0.00402,0.000744,0.256,0.8,115.012,hip hop
Britney Spears,Everytime,230306,2003,63,0.398,0.284,-12.852,0.0337,0.966,8.57e-05,0.116,0.114,109.599,pop
U2,Vertigo,193520,2004,64,0.416,0.819,-3.974,0.0613,0.000138,0.00108,0.147,0.632,140.083,"World/Traditional, rock"
Franz Ferdinand,Take Me Out,237026,2004,77,0.277,0.663,-8.821,0.0377,0.000409,0.00051,0.136,0.527,104.561,rock
Evanescence,My Immortal,262533,2003,72,0.19,0.265,-9.206,0.0356,0.863,0.0,0.134,0.101,79.012,metal
Lemar,If There's Any Justice,229080,2004,46,0.706,0.665,-5.348,0.0453,0.0128,0.0,0.338,0.639,89.993,R&B
No Doubt,It's My Life,226053,2003,60,0.612,0.735,-5.074,0.0282,0.00202,0.00118,0.328,0.783,126.326,"rock, pop"
Avril Lavigne,Don't Tell Me,202013,2004,58,0.523,0.795,-2.92,0.0386,0.00462,0.0,0.358,0.484,144.106,pop
Kelis,Millionaire,224933,2003,57,0.68,0.847,-6.636,0.108,0.0217,0.0,0.0374,0.75,176.051,"pop, R&B, Dance/Electronic"
Scissor Sisters,Comfortably Numb,266040,2004,43,0.803,0.924,-6.466,0.0391,0.237,0.0167,0.104,0.788,116.972,"pop, rock, Dance/Electronic"
Alicia Keys,Diary (feat. Tony! Toni! Tone! & Jermaine Paul),284160,2003,55,0.663,0.465,-9.711,0.0317,0.555,0.00183,0.125,0.279,127.932,"pop, R&B"
Special D.,Come With Me - Radio Edit,185133,2004,61,0.739,0.999,-5.077,0.0803,0.13,0.00224,0.28,0.501,139.982,pop
Dido,White Flag,240040,2003,44,0.512,0.525,-6.823,0.0401,0.327,3.3e-06,0.081,0.294,169.951,pop
Beyoncé,"Me, Myself and I",301133,2003,62,0.75,0.458,-9.092,0.0803,0.226,3.25e-05,0.137,0.536,83.61,"pop, R&B"
3 Doors Down,Here Without You,238733,2002,74,0.557,0.533,-6.817,0.0252,0.0492,0.0,0.205,0.233,143.994,"pop, rock, metal"
Katie Melua,The Closest Thing to Crazy,252466,2003,55,0.562,0.219,-13.2,0.0312,0.856,0.000296,0.0979,0.106,127.831,"pop, easy listening, jazz"
Usher,My Boo,223440,2004,76,0.662,0.507,-8.238,0.118,0.257,0.0,0.0465,0.676,86.412,"hip hop, pop, R&B"
Lloyd,Southside,277840,2004,59,0.688,0.404,-9.481,0.0818,0.377,0.0,0.0813,0.448,75.007,"hip hop, pop, R&B"
LMC,Take Me To The Clouds Above - LMC Vs. U2 / Radio Edit,171546,2004,59,0.668,0.905,-5.395,0.038,0.00232,0.0331,0.141,0.667,128.658,Dance/Electronic
Girls Aloud,Love Machine,205360,2004,59,0.663,0.95,-4.21,0.0621,0.00127,0.00492,0.0753,0.697,116.02,"pop, Dance/Electronic"
Jessica Simpson,With You,191826,2003,57,0.553,0.756,-4.583,0.108,0.0923,0.0,0.215,0.605,94.487,"pop, R&B"
Gary Jules,Mad World (Feat. Michael Andrews),189506,2001,65,0.345,0.0581,-17.217,0.0374,0.976,0.000366,0.103,0.304,174.117,pop
Ashlee Simpson,Pieces Of Me,217440,2004,56,0.505,0.799,-4.286,0.0773,0.0572,0.0,0.11,0.772,174.001,pop
Will Young,Leave Right Now,214733,2003,55,0.641,0.445,-8.674,0.0368,0.145,0.0,0.108,0.383,81.931,pop
Alicia Keys,You Don't Know My Name,366733,2003,61,0.264,0.663,-8.264,0.187,0.59,0.00443,0.342,0.249,167.078,"pop, R&B"
Mariah Carey,We Belong Together,201400,2005,69,0.84,0.476,-7.918,0.0629,0.0264,0.0,0.0865,0.767,139.987,"pop, R&B"
Mario,Let Me Love You,256733,2004,72,0.656,0.578,-8.97,0.0922,0.235,0.0,0.118,0.556,94.514,"pop, R&B"
Rihanna,Pon de Replay,246960,2005,77,0.779,0.64,-8.415,0.159,0.000155,0.00077,0.101,0.498,99.019,"hip hop, pop, R&B"
The Pussycat Dolls,Don't Cha,272080,2005,72,0.875,0.631,-3.475,0.099,0.00542,2.54e-06,0.127,0.549,120.003,"pop, R&B"
Daniel Powter,Bad Day,233640,2005,74,0.599,0.785,-4.013,0.0309,0.448,0.00336,0.151,0.52,140.046,pop
Akon,Bananza (Belly Dancer),238493,2004,28,0.878,0.699,-5.897,0.132,0.0345,3.37e-06,0.755,0.666,104.838,pop
Madonna,Hung Up,337733,2005,74,0.649,0.647,-7.695,0.0452,0.0039,0.161,0.0686,0.405,125.02,pop
Crazy Frog,Axel F,168879,2005,67,0.86,0.907,-3.321,0.0407,0.279,0.693,0.0648,0.786,138.045,pop
Sean Paul,We Be Burnin',213066,2005,59,0.95,0.803,-4.195,0.151,0.145,0.0,0.0748,0.86,117.0,"hip hop, pop"
Gwen Stefani,Rich Girl,236213,2004,68,0.856,0.754,-2.728,0.0416,0.0294,1.49e-05,0.206,0.722,98.018,"pop, R&B"
The Chemical Brothers,Galvanize,393813,2005,63,0.745,0.714,-3.681,0.0751,0.0141,0.0222,0.363,0.365,104.003,Dance/Electronic
Chris Brown,Run It! (feat. Juelz Santana),229866,2005,71,0.846,0.482,-6.721,0.129,0.0246,0.0,0.393,0.212,100.969,"hip hop, pop, R&B"
Mariah Carey,It's Like That,203360,2005,0,0.8,0.633,-4.875,0.0514,0.0901,0.0,0.0315,0.836,95.953,"pop, R&B"
Black Eyed Peas,My Humps,326960,2005,67,0.802,0.682,-5.924,0.222,0.111,1.39e-05,0.109,0.586,123.95,"hip hop, pop"
Ciara,Oh (feat. Ludacris),256346,2004,61,0.8,0.496,-7.135,0.0506,0.000298,0.0,0.0697,0.357,128.29,"pop, R&B"
Jennifer Lopez,Get Right,225533,2005,65,0.741,0.759,-5.096,0.12,0.0218,0.0,0.628,0.362,97.084,"hip hop, pop, R&B"
Gorillaz,Feel Good Inc.,222640,2005,82,0.818,0.705,-6.679,0.177,0.00836,0.00233,0.613,0.772,138.559,hip hop
Black Eyed Peas,Don't Phunk With My Heart,239773,2005,62,0.69,0.928,-2.76,0.061,0.00937,0.0,0.547,0.604,130.889,"hip hop, pop"
Bodyrockers,I Like The Way - Radio Edit,200053,2005,54,0.642,0.851,-3.638,0.0431,0.0248,0.0146,0.084,0.777,127.988,"rock, Dance/Electronic"
Sugababes,Push The Button,218093,2005,64,0.962,0.66,-5.096,0.061,0.0485,0.0,0.076,0.814,126.016,"pop, R&B"
Shakira,La Tortura (feat. Alejandro Sanz),212893,2005,72,0.74,0.783,-5.367,0.0427,0.0297,0.000308,0.123,0.812,100.011,"pop, latin"
Gorillaz,DARE,244999,2005,73,0.76,0.891,-5.852,0.0372,0.0229,0.0869,0.298,0.966,120.264,hip hop
Robbie Williams,Tripping,276603,2005,58,0.666,0.922,-4.458,0.0429,0.0381,0.000191,0.0633,0.828,118.014,"pop, rock"
Rob Thomas,Lonely No More,226640,2005,56,0.551,0.896,-3.152,0.109,0.033,0.0,0.0899,0.858,171.79,"pop, Folk/Acoustic"
Brian McFadden,Almost Here,229826,2004,42,0.561,0.452,-7.324,0.0336,0.409,0.0,0.106,0.316,77.984,set()
Bobby V.,"Slow Down - 12"" Version",258666,2005,65,0.568,0.732,-4.896,0.103,0.179,4.92e-06,0.401,0.626,186.048,"hip hop, pop, R&B"
Backstreet Boys,Incomplete,239586,2005,63,0.437,0.589,-4.834,0.0331,0.231,0.0,0.0768,0.165,133.631,pop
Fat Joe,Get It Poppin' (feat. Nelly) - Radio Version,211320,2005,41,0.905,0.55,-7.558,0.372,0.0628,0.0,0.0644,0.52,100.813,"hip hop, pop"
Destiny's Child,Soldier (feat. T.I. & Lil' Wayne),325573,2004,63,0.878,0.417,-6.799,0.361,0.0444,0.0,0.0833,0.904,77.49,"pop, R&B"
Ciara,"1, 2 Step (feat. Missy Elliott) - Main",202213,2005,52,0.939,0.498,-10.94,0.161,0.0444,0.00128,0.0475,0.801,113.053,"pop, R&B"
Amerie,1 Thing,238746,2008,52,0.636,0.946,-4.683,0.332,0.115,3.75e-05,0.0416,0.891,125.085,"hip hop, pop, R&B"
Franz Ferdinand,Do You Want To,215000,2005,61,0.412,0.944,-2.896,0.0448,0.0724,0.000493,0.801,0.79,123.091,rock
Natalie Imbruglia,Shiver,222653,2005,52,0.489,0.798,-4.49,0.0316,0.00115,2.81e-06,0.149,0.309,94.163,"pop, Folk/Acoustic"
Thirty Seconds To Mars,The Kill,231533,2005,74,0.179,0.912,-3.881,0.0791,0.0014,0.000294,0.582,0.289,182.99,rock
Alicia Keys,Karma,256000,2003,50,0.727,0.736,-6.203,0.0615,0.0743,0.00311,0.0348,0.687,85.098,"pop, R&B"
Craig David,Don't Love You No More (I'm Sorry),243986,2005,56,0.636,0.558,-7.076,0.0245,0.462,0.0,0.062,0.572,100.113,"hip hop, pop, R&B"
Katie Melua,Nine Million Bicycles,197160,2005,60,0.534,0.247,-15.636,0.0322,0.516,0.00859,0.122,0.344,82.168,"pop, easy listening, jazz"
Mariah Carey,Don't Forget About Us - Radio Edit,233866,2005,0,0.7,0.529,-6.816,0.0395,0.0422,0.0,0.101,0.386,143.555,"pop, R&B"
Will Smith,Switch,197666,2020,34,0.873,0.9,-4.325,0.18,0.0107,0.000502,0.556,0.478,102.516,"hip hop, pop"
Bow Wow,Like You (feat. Ciara),205840,2005,66,0.714,0.6,-8.365,0.0876,0.0465,0.0,0.0646,0.504,82.017,"hip hop, pop, R&B"
Kaiser Chiefs,Everyday I Love You Less And Less,217706,2005,58,0.49,0.956,-4.556,0.0407,0.00466,6.15e-06,0.242,0.577,160.028,rock
Kelly Clarkson,Behind These Hazel Eyes,198973,2004,59,0.548,0.889,-4.682,0.0382,0.00165,0.00109,0.197,0.425,90.048,"pop, R&B"
Black Eyed Peas,Don't Lie,219000,2005,61,0.662,0.785,-5.299,0.186,0.16,0.0,0.0784,0.604,89.885,"hip hop, pop"
Westlife,You Raise Me Up,241066,2005,1,0.129,0.358,-6.596,0.0314,0.631,0.0,0.0886,0.172,75.048,pop
Ray J,One Wish,337640,2005,62,0.525,0.652,-7.042,0.28,0.278,0.0,0.339,0.602,127.673,"hip hop, pop, R&B"
Papa Roach,Scars,208199,2004,60,0.455,0.929,-3.295,0.0494,0.0875,0.0,0.226,0.484,89.782,"rock, metal"
Arctic Monkeys,I Bet You Look Good On The Dancefloor,173680,2006,71,0.535,0.948,-4.19,0.0356,0.00225,0.0,0.376,0.778,103.183,rock
Shayne Ward,That's My Goal,219600,2006,1,0.286,0.508,-5.966,0.0336,0.372,0.0,0.27,0.14,68.637,pop
Bow Wow,Let Me Hold You (feat. Omarion),248493,2005,62,0.815,0.662,-8.244,0.199,0.0915,0.000409,0.0898,0.611,151.518,"hip hop, pop, R&B"
Kaiser Chiefs,I Predict A Riot,233186,2005,63,0.395,0.979,-3.241,0.0766,0.0243,0.0,0.12,0.41,158.842,rock
Usher,Caught Up,224640,2004,61,0.817,0.806,-4.606,0.0623,0.027,9e-06,0.119,0.805,110.086,"hip hop, pop, R&B"
Kelly Clarkson,Because of You,219493,2004,71,0.587,0.583,-5.284,0.0313,0.248,0.0,0.124,0.15,139.92,"pop, R&B"
3 Doors Down,Let Me Go,243053,2012,52,0.478,0.863,-4.914,0.0387,0.0181,0.0,0.111,0.491,92.004,"pop, rock, metal"
Nickelback,Photograph,258920,2005,67,0.515,0.876,-3.756,0.0292,0.000932,0.000166,0.136,0.385,145.916,"rock, metal"
T-Pain,I'm Sprung,231040,2005,0,0.722,0.329,-11.617,0.108,0.088,0.0,0.081,0.166,99.991,"hip hop, pop, R&B"
Destiny's Child,Cater 2 U,245400,2004,58,0.605,0.584,-7.043,0.197,0.286,0.0,0.235,0.464,125.802,"pop, R&B"
The Pussycat Dolls,Stickwitu,207506,2005,67,0.548,0.554,-6.408,0.0587,0.283,0.0,0.0708,0.382,79.918,"pop, R&B"
Ryan Cabrera,True,204173,2004,62,0.598,0.4,-10.054,0.0241,0.459,0.0,0.151,0.369,96.938,pop
Stereophonics,Dakota,297426,2005,69,0.506,0.93,-3.499,0.0675,0.129,0.00682,0.0931,0.305,146.994,"rock, pop"
Coldplay,Speed of Sound,287906,2005,69,0.514,0.898,-6.765,0.0577,0.00488,0.0345,0.0746,0.353,123.067,"rock, pop"
KT Tunstall,Suddenly I See,201706,2005,71,0.587,0.767,-5.713,0.0449,0.225,0.0,0.112,0.664,100.38,"World/Traditional, pop, Folk/Acoustic"
Destiny's Child,Girl,224146,2004,55,0.567,0.747,-6.019,0.105,0.31,0.0,0.04,0.556,89.036,"pop, R&B"
Kelly Clarkson,Since U Been Gone,188960,2004,71,0.662,0.739,-5.354,0.0322,0.00206,0.0603,0.113,0.382,130.999,"pop, R&B"
U2,Sometimes You Can't Make It On Your Own,305080,2004,56,0.53,0.597,-5.652,0.0247,0.00275,0.473,0.105,0.346,96.0,"World/Traditional, rock"
The All-American Rejects,Dirty Little Secret,193653,2005,65,0.469,0.955,-4.253,0.0432,0.000343,1.35e-06,0.548,0.462,143.853,"rock, pop"
Toby Keith,As Good As I Once Was,227840,2005,67,0.68,0.87,-4.461,0.0393,0.266,0.0,0.109,0.646,119.075,country
Gwen Stefani,Cool,189333,2004,59,0.709,0.721,-3.52,0.0281,0.0322,0.000309,0.355,0.801,112.019,"pop, R&B"
Foo Fighters,Best of You,255626,2005,76,0.366,0.94,-5.119,0.0696,0.000769,9.42e-05,0.188,0.369,130.198,"rock, metal"
Shakira,Hips Don't Lie (feat. Wyclef Jean),218093,2005,82,0.778,0.824,-5.892,0.0707,0.284,0.0,0.405,0.758,100.024,"pop, latin"
Sean Paul,Temperature,218573,2005,78,0.951,0.6,-4.675,0.0685,0.106,0.0,0.0712,0.822,125.04,"hip hop, pop"
Beyoncé,Irreplaceable,227853,2007,70,0.447,0.694,-4.637,0.382,0.0293,5.46e-06,0.167,0.509,175.868,"pop, R&B"
Amy Winehouse,Rehab,214946,2006,71,0.407,0.558,-13.609,0.0552,0.0541,1.51e-06,0.34,0.777,71.815,R&B
Rihanna,SOS,238920,2006,73,0.677,0.671,-4.905,0.0361,0.004,5.07e-05,0.413,0.527,137.046,"hip hop, pop, R&B"
Gnarls Barkley,Crazy,177466,2006,74,0.855,0.587,-4.589,0.0336,0.0505,0.00714,0.105,0.64,111.97,"hip hop, R&B"
Nelly Furtado,Maneater,258893,2006,79,0.796,0.777,-4.81,0.0397,0.0261,0.000358,0.121,0.787,132.722,"hip hop, pop, latin"
Bob Sinclar,Rock This Party - Everybody Dance Now,245466,2006,69,0.893,0.823,-3.708,0.122,0.0714,0.0,0.0509,0.902,128.009,"pop, Dance/Electronic"
Madonna,Sorry,281880,2005,61,0.589,0.877,-6.229,0.046,0.00121,0.013,0.169,0.443,132.971,pop
Black Eyed Peas,Pump It,213066,2005,75,0.648,0.931,-3.15,0.181,0.00937,0.0,0.752,0.744,153.649,"hip hop, pop"
Nelly Furtado,Promiscuous,242293,2006,82,0.808,0.97,-6.098,0.0506,0.0569,6.13e-05,0.154,0.868,114.328,"hip hop, pop, latin"
Fedde Le Grand,Put Your Hands Up for Detroit - Radio Edit,150533,2015,39,0.814,0.923,-4.525,0.229,0.0154,0.154,0.0862,0.518,127.919,"pop, Dance/Electronic"
Sean Paul,(When You Gonna) Give It Up to Me (feat. Keyshia Cole) - Radio Version,243880,2006,58,0.711,0.761,-3.04,0.225,0.067,0.0,0.041,0.718,95.824,"hip hop, pop"
The Pussycat Dolls,Buttons,225560,2005,68,0.565,0.817,-4.338,0.27,0.152,0.0,0.247,0.477,210.851,"pop, R&B"
Ciara,Get Up (feat. Chamillionaire),261880,2006,59,0.964,0.595,-6.887,0.109,0.0248,5.14e-06,0.0405,0.629,128.593,"pop, R&B"
Cherish,Do It To It,226293,2006,65,0.826,0.67,-5.559,0.169,0.00798,0.0,0.495,0.794,74.007,"hip hop, pop, R&B"
Muse,Supermassive Black Hole,212439,2006,75,0.668,0.921,-3.727,0.0439,0.0492,0.00517,0.0877,0.782,120.0,rock
Chris Brown,Gimme That,186826,2005,63,0.678,0.572,-7.033,0.0466,0.00374,6.59e-05,0.118,0.444,87.165,"hip hop, pop, R&B"
Infernal,From Paris to Berlin,209666,2004,57,0.741,0.869,-6.534,0.0816,0.096,0.0,0.0396,0.839,126.069,pop
Cassie,Me & U,192213,2006,73,0.803,0.454,-4.802,0.0294,0.352,0.0,0.0655,0.739,99.99,"pop, R&B"
The Pussycat Dolls,Beep,229360,2005,57,0.938,0.735,-6.382,0.0434,0.00952,0.0,0.0998,0.55,103.7,"pop, R&B"
Lil Jon,Snap Yo Fingers,274386,2006,67,0.835,0.757,-5.029,0.23,0.00647,0.0,0.29,0.626,82.038,"hip hop, pop"
Armand Van Helden,My My My - Radio Edit,190000,2006,40,0.678,0.768,-8.502,0.137,0.0195,0.00866,0.0322,0.758,127.51,"pop, Dance/Electronic"
Shayne Ward,No Promises,223066,2006,1,0.5,0.498,-6.087,0.026,0.527,0.0,0.123,0.182,79.798,pop
Justin Timberlake,My Love (feat. T.I.),276160,2006,72,0.771,0.68,-5.881,0.224,0.277,1.18e-05,0.682,0.808,119.952,pop
Nickelback,Savin' Me,219320,2005,65,0.441,0.815,-4.088,0.0276,0.000731,0.0,0.414,0.522,164.007,"rock, metal"
Nelly,Grillz,271160,2005,60,0.867,0.504,-7.737,0.241,0.0358,0.0,0.307,0.84,82.996,"hip hop, pop, R&B"
Take That,Patience,202066,2006,64,0.309,0.783,-4.154,0.0405,0.142,1.11e-06,0.118,0.372,175.788,pop
Cascada,Everytime We Touch - Radio Edit,199120,2011,0,0.64,0.977,-5.369,0.0555,0.00461,1.68e-05,0.371,0.493,142.019,"hip hop, pop, Dance/Electronic"
LL Cool J,Control Myself,233973,2006,42,0.825,0.876,-6.556,0.211,0.00928,1.2e-05,0.205,0.48,120.066,"hip hop, pop, R&B"
Beyoncé,Deja Vu (feat. Jay-Z),240280,2007,57,0.644,0.746,-4.941,0.341,0.0071,1.22e-05,0.0743,0.355,105.253,"pop, R&B"
Kelis,Bossy,273973,2006,50,0.906,0.633,-5.316,0.19,0.000182,8.34e-06,0.058,0.779,84.021,"pop, R&B, Dance/Electronic"
Bob Sinclar,Love Generation - Radio Edit,207613,2005,49,0.715,0.812,-5.758,0.062,0.175,0.000134,0.044,0.554,128.04,"pop, Dance/Electronic"
Meck,Thunder in My Heart Again (Radio Edit),189800,2005,46,0.679,0.922,-4.67,0.0294,0.000241,0.69,0.0697,0.806,129.016,set()
Girls Aloud,Something Kinda Ooooh,201590,2012,49,0.681,0.908,-3.918,0.0473,0.0232,0.0,0.355,0.879,131.925,"pop, Dance/Electronic"
Rihanna,Unfaithful,226973,2006,70,0.588,0.391,-8.607,0.0334,0.839,0.0,0.227,0.349,144.069,"hip hop, pop, R&B"
Evanescence,Call Me When You're Sober,214706,2006,65,0.45,0.883,-4.094,0.0524,0.00193,0.0,0.293,0.328,93.41,metal
Nickelback,Far Away,238173,2005,70,0.518,0.797,-5.153,0.0309,0.000681,0.0,0.107,0.293,132.918,"rock, metal"
Fall Out Boy,"Dance, Dance",180266,2005,74,0.622,0.961,-3.198,0.154,0.00523,0.0,0.0854,0.449,114.452,rock
Leona Lewis,A Moment Like This,257293,2007,57,0.261,0.562,-3.667,0.0301,0.423,7.54e-06,0.131,0.167,70.543,"pop, R&B"
Nick Lachey,What's Left Of Me,244613,2006,37,0.42,0.742,-5.665,0.0375,0.142,0.0,0.145,0.294,149.965,pop
Rascal Flatts,Life is a Highway,276773,2006,0,0.561,0.936,-5.409,0.0613,0.00185,0.0,0.102,0.594,103.055,country
Beyoncé,Check On It (feat. Slim Thug),211186,2006,45,0.7,0.887,-3.887,0.218,0.0805,0.0,0.376,0.883,166.104,"pop, R&B"
Keyshia Cole,Love,255333,2005,72,0.688,0.519,-4.285,0.0283,0.064,0.0,0.1,0.318,116.714,"hip hop, pop, R&B"
Ne-Yo,Sexy Love,220853,2006,67,0.693,0.516,-6.446,0.0413,0.297,0.000127,0.0604,0.494,94.02,"pop, R&B"
JoJo,Too Little Too Late,223680,2006,48,0.535,0.823,-5.338,0.0431,0.0113,3.88e-06,0.146,0.685,83.001,"hip hop, pop, R&B"
Mary J. Blige,One,260466,2005,64,0.344,0.874,-3.161,0.0777,0.0841,0.0,0.129,0.269,185.888,"pop, R&B"
Amy Winehouse,You Know I'm No Good,256946,2006,63,0.705,0.806,-3.607,0.0309,0.0132,0.00428,0.0701,0.734,103.383,R&B
Rascal Flatts,What Hurts The Most,214106,2006,69,0.537,0.674,-5.134,0.0277,0.0088,0.0,0.265,0.33,136.002,country
Red Hot Chili Peppers,Dani California,282160,2006,76,0.556,0.913,-2.36,0.0437,0.0193,8.59e-06,0.346,0.73,96.184,rock
Scissor Sisters,I Don't Feel Like Dancin',288360,2006,63,0.707,0.923,-3.409,0.0276,0.0195,0.0,0.342,0.845,108.023,"pop, rock, Dance/Electronic"
Ne-Yo,So Sick,207186,2006,75,0.452,0.574,-8.336,0.31,0.246,0.0,0.189,0.58,92.791,"pop, R&B"
Hinder,Lips Of An Angel,261053,2019,35,0.474,0.744,-5.386,0.0341,0.0208,1.22e-06,0.209,0.238,129.005,"pop, rock, metal"
The Raconteurs,"Steady, As She Goes",215266,2006,56,0.525,0.578,-4.563,0.12,0.0132,0.00916,0.108,0.537,123.696,rock
The Fratellis,Chelsea Dagger,215306,2006,68,0.511,0.815,-3.14,0.144,0.0491,0.0,0.0826,0.586,154.514,rock
The Pussycat Dolls,Stickwitu,207506,2005,67,0.548,0.554,-6.408,0.0587,0.283,0.0,0.0708,0.382,79.918,"pop, R&B"
Panic! At The Disco,I Write Sins Not Tragedies,185586,2005,70,0.566,0.815,-4.481,0.14,0.0737,0.0,0.12,0.672,169.961,rock
James Blunt,Goodbye My Lover,258653,2005,67,0.432,0.261,-12.591,0.0512,0.953,0.00342,0.0903,0.273,89.567,pop
Christina Aguilera,Ain't No Other Man,228906,2006,63,0.862,0.742,-4.722,0.222,0.00376,0.00855,0.103,0.511,127.91,pop
Westlife,The Rose,219106,2006,0,0.272,0.203,-9.706,0.0294,0.784,0.0,0.0805,0.172,109.581,pop
Keane,Is It Any Wonder?,186173,2006,59,0.489,0.955,-2.771,0.0363,3.82e-05,0.000178,0.334,0.816,129.352,pop
Orson,No Tomorrow,167493,2006,46,0.656,0.624,-4.623,0.0691,0.0065,0.0,0.278,0.735,124.082,pop
KT Tunstall,Black Horse And The Cherry Tree,172373,2005,64,0.748,0.786,-7.788,0.0641,0.328,0.0,0.34,0.917,104.833,"World/Traditional, pop, Folk/Acoustic"
Natasha Bedingfield,Unwritten,259333,2004,2,0.706,0.8,-6.333,0.0399,0.00584,0.0,0.0822,0.629,100.011,pop
Razorlight,America,249760,2006,67,0.447,0.568,-4.975,0.0305,0.295,3.26e-06,0.355,0.149,90.933,"rock, pop"
James Morrison,You Give Me Something,213173,2006,64,0.559,0.688,-6.496,0.114,0.216,0.0,0.0855,0.578,79.753,"pop, R&B"
Snow Patrol,You're All I Have,273333,2006,35,0.467,0.921,-4.554,0.045,5.48e-05,0.0566,0.176,0.501,132.013,"World/Traditional, rock, pop"
The Fray,How to Save a Life,262533,2005,79,0.64,0.743,-4.08,0.0379,0.269,0.0,0.101,0.361,122.035,pop
Sandi Thom,I Wish I Was a Punk Rocker (with Flowers in My Hair),151640,2006,61,0.7,0.465,-6.815,0.358,0.544,0.0,0.606,0.719,108.102,"World/Traditional, pop"
My Chemical Romance,Welcome to the Black Parade,311106,2006,76,0.217,0.905,-4.103,0.0752,0.000289,0.00011,0.222,0.236,96.95,rock
Razorlight,In The Morning,222453,2006,59,0.616,0.855,-3.495,0.042,0.00379,0.000863,0.318,0.686,124.191,"rock, pop"
The All-American Rejects,Dirty Little Secret,193653,2005,65,0.469,0.955,-4.253,0.0432,0.000343,1.35e-06,0.548,0.462,143.853,"rock, pop"
James Morrison,Wonderful World,210066,2006,49,0.474,0.71,-4.606,0.029,0.0548,0.0,0.0974,0.591,78.969,"pop, R&B"
Chris Brown,Yo (Excuse Me Miss),229040,2005,69,0.536,0.612,-5.847,0.272,0.119,0.0,0.209,0.57,86.768,"hip hop, pop, R&B"
P!nk,Who Knew,208493,2006,0,0.688,0.734,-4.569,0.0274,0.00462,0.0,0.0756,0.46,140.004,pop
The Kooks,Naive,203506,2006,73,0.391,0.808,-6.209,0.0892,0.0759,0.0,0.149,0.737,100.304,rock
Leona Lewis,Bleeding Love,262466,2007,75,0.638,0.656,-5.886,0.0357,0.188,0.0,0.146,0.225,104.036,"pop, R&B"
Rihanna,Umbrella,275986,2008,81,0.583,0.829,-4.603,0.134,0.00864,0.0,0.0426,0.575,174.028,"hip hop, pop, R&B"
Britney Spears,Gimme More,251240,2007,79,0.788,0.844,-3.131,0.0334,0.25,0.000678,0.0723,0.382,113.324,pop
Fergie,Big Girls Don't Cry (Personal),268120,2006,76,0.708,0.641,-4.296,0.0335,0.205,0.0,0.0945,0.253,113.082,"pop, R&B"
Mark Ronson,Valerie (feat. Amy Winehouse) - Version Revisited,219413,2007,0,0.698,0.844,-4.789,0.0544,0.00253,0.000426,0.124,0.896,105.828,pop
Plain White T's,Hey There Delilah,232533,2005,78,0.656,0.291,-10.572,0.0293,0.872,0.0,0.114,0.298,103.971,pop
Justin Timberlake,What Goes Around.../...Comes Around (Interlude),448573,2006,70,0.687,0.723,-4.751,0.0709,0.122,0.00102,0.573,0.432,76.0,pop
Gwen Stefani,The Sweet Escape,246466,2006,71,0.756,0.77,-3.502,0.0343,0.191,0.0,0.178,0.73,119.961,"pop, R&B"
Timbaland,The Way I Are,179120,2007,80,0.731,0.807,-6.492,0.1,0.181,0.751,0.319,0.765,114.759,"hip hop, pop, R&B"
Nelly Furtado,Say It Right,223080,2006,81,0.872,0.872,-6.328,0.139,0.0476,0.00112,0.0543,0.809,116.948,"hip hop, pop, latin"
Ida Corr,Let Me Think About It,151973,2012,43,0.762,0.754,-3.425,0.046,0.00022,0.0665,0.146,0.715,129.026,set()
Alex Gaudino,Destination Calabria - Radio Edit,223111,2007,73,0.627,0.954,-4.804,0.0425,0.0015,0.000814,0.292,0.312,128.016,Dance/Electronic
September,Cry for You,209800,2007,65,0.767,0.881,-3.988,0.0301,0.00133,0.000139,0.0551,0.961,130.018,"pop, Dance/Electronic"
Eric Prydz,Proper Education - Radio Edit,198567,2007,0,0.537,0.937,-4.543,0.0523,0.00102,0.035,0.0917,0.324,124.938,"pop, Dance/Electronic"
Fedde Le Grand,Put Your Hands Up For Detroit - Radio Edit,150533,2015,0,0.827,0.931,-4.474,0.202,0.0153,0.21,0.0992,0.491,127.995,"pop, Dance/Electronic"
Ciara,Like a Boy,237053,2006,68,0.701,0.724,-5.751,0.145,0.267,0.0,0.0867,0.425,132.035,"pop, R&B"
Beyoncé,Beautiful Liar,199853,2007,64,0.764,0.751,-3.74,0.0703,0.00554,0.000237,0.164,0.418,91.977,"pop, R&B"
Gym Class Heroes,Cupid's Chokehold / Breakfast in America - Radio Mix,237173,2007,59,0.584,0.681,-5.084,0.0781,0.495,0.0,0.289,0.821,79.702,"hip hop, pop"
Soulja Boy,Crank That (Soulja Boy),221933,2007,74,0.736,0.74,-2.18,0.0786,0.515,0.0,0.0468,0.803,140.141,"hip hop, pop"
Rihanna,Shut Up And Drive,212280,2008,69,0.735,0.826,-4.902,0.0349,0.00101,0.129,0.197,0.74,132.964,"hip hop, pop, R&B"
Lloyd,Get It Shawty,209533,2007,62,0.822,0.905,-4.032,0.241,0.123,0.0,0.0496,0.674,128.014,"hip hop, pop, R&B"
Camille Jones,The Creeps - Fedde Le Grand Radio Mix,152333,2006,17,0.847,0.861,-6.632,0.0603,0.278,0.029,0.0626,0.724,127.894,set()
Linkin Park,What I've Done,205613,2007,77,0.623,0.93,-5.285,0.0324,0.0141,1.64e-06,0.138,0.287,120.119,"rock, metal"
Keyshia Cole,Last Night,255706,2007,60,0.918,0.857,-5.032,0.0623,0.166,0.0003,0.0855,0.972,121.006,"hip hop, pop, R&B"
Chris Brown,Kiss Kiss (feat. T-Pain),250666,2007,68,0.729,0.658,-3.386,0.225,0.0506,0.0,0.0693,0.551,140.043,"hip hop, pop, R&B"
Finger Eleven,Paralyzer,208106,2007,73,0.644,0.939,-3.486,0.0456,0.157,0.0,0.233,0.861,106.031,"rock, metal"
Justin Timberlake,Summer Love,252973,2006,66,0.606,0.591,-7.228,0.087,0.0756,0.0,0.328,0.477,95.802,pop
Take That,Patience,202066,2006,64,0.309,0.783,-4.154,0.0405,0.142,1.11e-06,0.118,0.372,175.788,pop
Arctic Monkeys,Brianstorm,172866,2007,67,0.42,0.974,-4.706,0.191,8.15e-05,0.00155,0.0871,0.463,165.182,rock
Justin Timberlake,My Love (feat. T.I.),276160,2006,72,0.771,0.68,-5.881,0.224,0.277,1.18e-05,0.682,0.808,119.952,pop
My Chemical Romance,Teenagers,161920,2006,80,0.463,0.857,-3.063,0.0632,0.0506,0.0,0.184,0.856,111.647,rock
Calvin Harris,Acceptable in the 80's,333680,2007,57,0.787,0.808,-5.454,0.0511,0.0143,0.257,0.0466,0.942,127.99,"hip hop, pop, Dance/Electronic"
Sugababes,About You Now,212400,2007,66,0.584,0.699,-6.065,0.0378,6.52e-05,6.05e-05,0.486,0.585,82.499,"pop, R&B"
Ne-Yo,Because Of You,266840,2007,74,0.81,0.538,-5.784,0.0356,0.528,0.0,0.0951,0.828,109.97,"pop, R&B"
Daughtry,It's Not Over,215173,2016,45,0.45,0.921,-3.476,0.0538,0.0467,0.0,0.311,0.413,145.959,"pop, rock, metal"
Lloyd,You,273133,2007,70,0.412,0.876,-6.008,0.47,0.102,0.0,0.297,0.703,130.159,"hip hop, pop, R&B"
Klaxons,Golden Skans,165120,2007,65,0.463,0.836,-2.776,0.0381,0.000418,7.38e-06,0.25,0.713,141.955,rock
Omarion,Ice Box,256426,2006,57,0.775,0.731,-5.446,0.134,0.189,0.0,0.129,0.821,131.105,"hip hop, pop, R&B"
Pretty Ricky,On the Hotline - Amended Version,242586,2007,57,0.704,0.854,-5.477,0.183,0.0185,0.0,0.148,0.688,92.988,"hip hop, pop, R&B"
Nickelback,Rockstar,252040,2005,69,0.616,0.91,-3.004,0.0386,0.0459,0.0,0.343,0.693,144.072,"rock, metal"
Fall Out Boy,Thnks fr th Mmrs,203506,2007,76,0.459,0.891,-5.057,0.0623,0.00511,0.0,0.106,0.588,154.837,rock
All Time Low,"Dear Maria, Count Me In",182826,2007,76,0.459,0.895,-3.126,0.0805,0.00725,0.0,0.206,0.572,181.04,rock
Keyshia Cole,Let It Go,238360,2007,58,0.808,0.721,-5.165,0.213,0.197,0.0,0.205,0.773,94.955,"hip hop, pop, R&B"
Ciara,Promise,267413,2006,56,0.697,0.629,-5.757,0.0425,0.409,3.8e-06,0.0819,0.439,123.279,"pop, R&B"
Enrique Iglesias,Do You Know? (The Ping Pong Song),219533,2007,45,0.753,0.759,-4.829,0.0487,0.0523,0.0,0.0263,0.706,114.999,"pop, latin"
T2,Heartbroken - Edit,178613,2017,59,0.716,0.757,-5.438,0.0329,0.0258,0.00392,0.16,0.877,139.986,Dance/Electronic
Robyn,With Every Heartbeat,254920,2005,36,0.477,0.865,-4.462,0.0395,0.00877,4.52e-05,0.271,0.413,120.872,"pop, Dance/Electronic"
Fall Out Boy,"This Ain't A Scene, It's An Arms Race",212040,2007,68,0.435,0.887,-4.07,0.0636,0.000747,0.0,0.0327,0.408,199.935,rock
Paramore,Misery Business,211520,2007,72,0.517,0.906,-3.677,0.0735,0.00272,9.26e-06,0.113,0.731,172.977,"pop, rock"
Hinder,Better Than Me,223533,2019,30,0.451,0.682,-5.295,0.029,0.205,0.0,0.175,0.254,139.913,"pop, rock, metal"
Huey,"Pop, Lock & Drop It - Video Edit",261026,2006,52,0.723,0.644,-6.863,0.222,0.00308,0.0,0.352,0.645,144.09,"hip hop, pop"
Foo Fighters,The Pretender,269373,2007,78,0.433,0.959,-4.04,0.0431,0.000917,0.0,0.028,0.365,172.984,"rock, metal"
Kaiser Chiefs,Ruby,204200,2007,67,0.451,0.939,-2.82,0.0512,0.00673,4.85e-06,0.0774,0.448,93.416,rock
Mark Ronson,Stop Me (feat. Daniel Merriweather),232946,2007,46,0.626,0.906,-4.334,0.0403,0.00128,8.52e-06,0.137,0.346,118.035,pop
Bow Wow,Outta My System (feat. T-Pain & Johntá Austin),238266,2006,57,0.772,0.59,-6.957,0.183,0.0917,0.0,0.101,0.743,83.998,"hip hop, pop, R&B"
The Red Jumpsuit Apparatus,Face Down,192000,2006,74,0.545,0.932,-2.189,0.0399,0.000665,0.0,0.127,0.464,92.956,pop
MIKA,Grace Kelly,187733,2006,69,0.675,0.828,-5.799,0.0454,0.0242,0.0102,0.364,0.669,122.229,pop
Christina Aguilera,Candyman,194213,2006,66,0.686,0.789,-4.713,0.23,0.0125,0.0147,0.142,0.72,172.976,pop
Sean Kingston,Beautiful Girls,225373,2007,78,0.762,0.661,-6.075,0.0687,0.15,0.0,0.256,0.769,130.009,"hip hop, pop, R&B"
James Blunt,1973,280026,2007,68,0.72,0.668,-7.928,0.0269,0.0652,0.00664,0.0789,0.768,123.007,pop
Carrie Underwood,Before He Cheats,199946,2005,76,0.519,0.749,-3.318,0.0405,0.271,0.0,0.119,0.29,147.905,"pop, country"
Just Jack,Starz In Their Eyes,295933,2006,52,0.67,0.8,-6.731,0.0652,0.00184,0.000356,0.466,0.656,123.802,Dance/Electronic
T-Pain,Buy U a Drank (Shawty Snappin') (feat. Yung Joc),227960,2007,2,0.451,0.55,-8.137,0.262,0.0108,0.0,0.0737,0.594,80.001,"hip hop, pop, R&B"
Avril Lavigne,When You're Gone,240493,2007,68,0.457,0.719,-3.921,0.0323,0.191,0.0,0.228,0.168,142.034,pop
MIKA,Love Today,235173,2006,57,0.673,0.913,-4.981,0.0664,0.0304,0.00298,0.113,0.587,124.484,pop
Manic Street Preachers,Your Love Alone Is Not Enough (feat. Nina Persson),235693,2007,53,0.344,0.921,-3.049,0.0459,0.00143,1.13e-05,0.38,0.396,126.766,"rock, pop"
Elliott Yamin,Wait for You,261320,2007,58,0.764,0.487,-6.734,0.0281,0.25,0.0,0.184,0.352,116.027,set()
Wyclef Jean,"Sweetest Girl (Dollar Bill) (feat. Akon, Lil' Wayne & Niia)",241133,2007,56,0.733,0.744,-3.51,0.0553,0.0772,0.0,0.341,0.529,92.515,set()
Boys Like Girls,The Great Escape,206520,2007,62,0.423,0.94,-4.012,0.0635,0.00166,0.0,0.178,0.505,149.934,pop
Take That,Rule The World - Radio Edit,237760,2007,58,0.357,0.774,-4.226,0.034,0.0376,0.0,0.348,0.348,164.054,pop
J. Holiday,Bed,275106,2007,64,0.684,0.606,-7.268,0.0504,0.17,0.0,0.058,0.723,127.901,"hip hop, pop, R&B, Dance/Electronic"
Red Hot Chili Peppers,Snow (Hey Oh),334666,2006,79,0.427,0.9,-3.674,0.0499,0.116,1.75e-05,0.119,0.599,104.655,rock
Flo Rida,Low (feat. T-Pain),231400,2008,80,0.918,0.609,-5.64,0.0791,0.0928,0.0,0.139,0.304,128.008,"hip hop, pop"
Katy Perry,I Kissed A Girl,179640,2008,73,0.699,0.76,-3.173,0.0677,0.00223,0.0,0.132,0.696,129.996,pop
Rihanna,Take A Bow,229413,2008,74,0.697,0.467,-7.536,0.0715,0.248,0.0,0.0941,0.572,82.082,"hip hop, pop, R&B"
Alicia Keys,No One,253813,2007,77,0.644,0.549,-5.415,0.0285,0.0209,8.85e-06,0.134,0.167,90.04,"pop, R&B"
Timbaland,Apologize,184400,2007,74,0.653,0.604,-6.017,0.0278,0.0292,0.0,0.097,0.101,118.016,"hip hop, pop, R&B"
Ne-Yo,Miss Independent,232000,2008,71,0.668,0.673,-5.714,0.145,0.48,0.0,0.194,0.727,171.812,"pop, R&B"
Chris Brown,With You,252120,2007,70,0.662,0.693,-4.298,0.0698,0.134,0.0,0.145,0.655,86.009,"hip hop, pop, R&B"
Beyoncé,If I Were a Boy,249146,2008,66,0.632,0.518,-6.126,0.0313,0.107,0.0,0.354,0.427,90.007,"pop, R&B"
Madcon,Beggin (original version),216146,2007,70,0.715,0.8,-5.144,0.057,0.0271,0.0,0.0648,0.445,129.023,"hip hop, pop"
September,Cry for You,209800,2007,65,0.767,0.881,-3.988,0.0301,0.00133,0.000139,0.0551,0.961,130.018,"pop, Dance/Electronic"
Rihanna,Disturbia,238626,2008,76,0.707,0.813,-4.515,0.0571,0.0863,0.0,0.168,0.722,124.921,"hip hop, pop, R&B"
Guru Josh Project,Infinity 2008,190013,2011,1,0.493,0.849,-6.139,0.0576,0.000337,0.00672,0.355,0.483,127.999,hip hop
Britney Spears,Break the Ice,196053,2007,61,0.712,0.911,-3.866,0.0445,0.689,8.02e-06,0.107,0.85,117.533,pop
Basshunter,Now You're Gone - Video Edit,148186,2008,63,0.639,0.976,-5.503,0.354,0.0213,0.0,0.0856,0.354,147.99,pop
Madonna,4 Minutes (feat. Justin Timberlake & Timbaland),189693,2009,71,0.753,0.931,-4.922,0.0652,0.00994,0.00696,0.234,0.767,113.029,pop
Katy Perry,Hot N Cold,220226,2008,73,0.706,0.841,-3.956,0.0418,7.95e-05,0.0,0.0688,0.861,132.032,pop
Rihanna,Don't Stop The Music,267080,2008,77,0.835,0.669,-5.582,0.0643,0.0336,6.92e-05,0.0535,0.542,122.668,"hip hop, pop, R&B"
Snoop Dogg,Sensual Seduction,245520,2007,56,0.756,0.829,-3.973,0.0682,0.003,3.46e-05,0.0578,0.504,120.163,"hip hop, pop"
Akon,Right Now (Na Na Na),240746,2008,69,0.83,0.857,-4.194,0.152,0.262,0.0,0.413,0.607,137.982,pop
Britney Spears,Womanizer,224400,2008,76,0.724,0.695,-5.226,0.0622,0.073,0.0,0.0889,0.235,139.0,pop
Eric Prydz,Pjanoo - Radio Edit,157432,2008,65,0.605,0.874,-4.949,0.0295,0.000563,0.812,0.112,0.836,125.99,"pop, Dance/Electronic"
Kelly Rowland,Work,207920,2010,34,0.888,0.823,-6.351,0.0538,0.00499,0.0,0.291,0.623,102.757,"hip hop, pop, R&B"
Madonna,Give It 2 Me,287906,2008,57,0.837,0.954,-3.512,0.0414,0.0933,0.000405,0.143,0.972,127.019,pop
The Pussycat Dolls,When I Grow Up,245680,2008,72,0.671,0.685,-5.762,0.05,0.00165,0.0,0.398,0.368,118.449,"pop, R&B"
Soulja Boy,Crank That (Soulja Boy),221933,2007,74,0.736,0.74,-2.18,0.0786,0.515,0.0,0.0468,0.803,140.141,"hip hop, pop"
Britney Spears,Piece of Me,212106,2007,64,0.769,0.638,-5.054,0.216,0.0902,0.0,0.0857,0.782,115.007,pop
Ne-Yo,Closer,234360,2008,65,0.709,0.745,-6.437,0.0738,0.0225,5.2e-05,0.154,0.576,126.027,"pop, R&B"
Colby O'Donis,What You Got,243013,2008,61,0.775,0.641,-6.718,0.038,0.0327,0.0,0.18,0.305,119.974,"hip hop, pop, R&B"
Miley Cyrus,See You Again,190453,2007,0,0.692,0.911,-5.098,0.177,0.0149,7.34e-05,0.112,0.801,138.975,pop
Basshunter,All I Ever Wanted - Radio Edit,176453,2008,65,0.645,0.984,-7.051,0.0508,0.164,0.00701,0.164,0.553,144.954,pop
Chris Brown,Kiss Kiss (feat. T-Pain),250666,2007,68,0.729,0.658,-3.386,0.225,0.0506,0.0,0.0693,0.551,140.043,"hip hop, pop, R&B"
Finger Eleven,Paralyzer,208106,2007,73,0.644,0.939,-3.486,0.0456,0.157,0.0,0.233,0.861,106.031,"rock, metal"
Alesha Dixon,The Boy Does Nothing,210680,2008,51,0.632,0.972,-2.423,0.121,0.121,7.74e-05,0.0317,0.845,87.0,pop
Dizzee Rascal,Dance Wiv Me - Radio Edit,204093,2011,68,0.878,0.746,-4.281,0.0451,0.0476,0.0,0.154,0.792,111.996,"hip hop, pop, Dance/Electronic"
Gabriella Cilmi,Sweet About Me,202133,2008,56,0.671,0.701,-5.035,0.0288,0.0607,2.7e-06,0.163,0.585,131.977,R&B
Jack White,Another Way to Die,262240,2007,56,0.486,0.765,-4.23,0.128,0.0239,3.02e-05,0.11,0.386,141.933,"rock, blues"
The Pussycat Dolls,I Hate This Part,218400,2008,64,0.756,0.612,-4.371,0.0317,0.0659,0.0,0.274,0.452,111.572,"pop, R&B"
Sean Kingston,Take You There,236693,2008,65,0.752,0.921,-4.321,0.0696,0.0182,0.0,0.256,0.634,115.033,"hip hop, pop, R&B"
Natasha Bedingfield,Pocketful of Sunshine,203440,2008,62,0.726,0.881,-3.892,0.0391,0.203,0.0,0.108,0.682,110.019,pop
Pendulum,Propane Nightmares,313346,2008,57,0.356,0.966,-4.13,0.0825,0.000262,0.148,0.192,0.215,173.992,Dance/Electronic
Danity Kane,Damaged,244266,2008,57,0.774,0.653,-5.158,0.05,0.0912,0.0,0.151,0.818,120.01,"pop, R&B"
Kanye West,Love Lockdown,270306,2008,66,0.76,0.524,-7.67,0.0323,0.0542,0.5,0.112,0.112,119.603,hip hop
M.I.A.,Paper Planes,205200,2007,1,0.447,0.848,-6.175,0.222,0.033,7.45e-05,0.65,0.485,172.247,"pop, rock"
3 Doors Down,It's Not My Time,241960,2008,56,0.529,0.934,-4.808,0.0602,0.00153,5.16e-06,0.118,0.282,127.962,"pop, rock, metal"
Kylie Minogue,Wow,190973,2007,47,0.654,0.884,-5.466,0.202,0.151,0.000268,0.379,0.851,124.072,"pop, Dance/Electronic"
Mariah Carey,Touch My Body,204733,2008,0,0.715,0.665,-7.736,0.0502,0.0996,0.0,0.224,0.84,78.502,"pop, R&B"
MGMT,Kids,302840,2007,77,0.451,0.931,-3.871,0.0719,0.00076,0.0049,0.361,0.172,122.961,rock
The Ting Tings,Shut Up and Let Me Go,171226,2007,55,0.852,0.927,-4.497,0.0581,0.0109,0.00268,0.054,0.887,107.993,"pop, rock, Dance/Electronic"
Santana,Into the Night (feat. Chad Kroeger),222440,2007,57,0.595,0.844,-4.678,0.0331,0.0137,0.0,0.234,0.603,127.981,"rock, blues, latin"
Wiley,Wearing My Rolex - Radio Edit,170480,2008,59,0.876,0.716,-6.884,0.135,0.0468,0.000482,0.0667,0.755,131.942,"hip hop, Dance/Electronic"
Usher,Love in This Club (feat. Young Jeezy),259720,2008,71,0.573,0.712,-5.976,0.0732,0.0572,0.0,0.167,0.346,140.012,"hip hop, pop, R&B"
Sam Sparro,Black & Gold - Radio Edit,212360,2008,53,0.383,0.703,-5.65,0.0763,0.00116,2.39e-05,0.112,0.42,135.968,"pop, Dance/Electronic"
"H ""two"" O",What's It Gonna Be (feat. Platnum),207476,2008,55,0.733,0.9,-4.758,0.0341,0.0085,0.0218,0.151,0.937,139.61,Dance/Electronic
The Ting Tings,That's Not My Name,310573,2008,51,0.755,0.901,-3.152,0.0893,0.0451,0.0373,0.363,0.959,145.042,"pop, rock, Dance/Electronic"
James Morrison,Broken Strings,250453,2008,70,0.57,0.717,-4.914,0.029,0.00967,0.0,0.0833,0.321,111.91,"pop, R&B"
Leona Lewis,Run,314720,2007,62,0.285,0.462,-6.166,0.0291,0.428,5.61e-06,0.122,0.0923,142.365,"pop, R&B"
Metro Station,Shake It,179946,2007,67,0.618,0.955,-3.836,0.0798,0.00221,3.09e-06,0.486,0.79,150.034,"pop, rock"
Trey Songz,Can't Help but Wait,206413,2007,62,0.699,0.699,-5.564,0.0737,0.358,0.0,0.0912,0.611,94.977,"hip hop, pop, R&B"
OneRepublic,Stop And Stare,223853,2007,59,0.492,0.859,-4.274,0.0332,0.0659,0.0,0.0756,0.251,92.474,pop
Alexandra Burke,Hallelujah,217826,2009,63,0.177,0.425,-6.211,0.0291,0.654,0.0,0.195,0.0942,182.571,pop
Mary J. Blige,Just Fine,242133,2007,64,0.923,0.795,-3.61,0.117,0.0394,0.000565,0.101,0.588,123.021,"pop, R&B"
Jordin Sparks,One Step At a Time,205160,2007,56,0.766,0.692,-4.672,0.0289,0.0825,0.0,0.0384,0.691,102.028,"pop, R&B"
Coldplay,Viva La Vida,242373,2008,80,0.486,0.617,-7.115,0.0287,0.0954,3.23e-06,0.109,0.417,138.015,"rock, pop"
Kings of Leon,Sex on Fire,203346,2008,80,0.542,0.905,-5.653,0.054,0.00172,0.0104,0.136,0.374,153.398,rock
Duffy,Mercy,219920,2008,69,0.793,0.859,-3.774,0.0332,0.266,0.000356,0.133,0.964,129.911,"pop, R&B"
David Archuleta,Crush,213520,2008,67,0.57,0.664,-4.718,0.0322,0.00836,1.2e-05,0.0719,0.487,162.084,pop
J. Holiday,Suffocate - Superclean,220053,2007,58,0.458,0.445,-8.391,0.361,0.64,0.0,0.118,0.447,82.82,"hip hop, pop, R&B, Dance/Electronic"
Gavin DeGraw,In Love With a Girl,206000,2008,51,0.438,0.906,-4.8,0.0438,0.0191,0.0,0.373,0.684,161.905,"pop, Folk/Acoustic"
Jordin Sparks,Tattoo,233466,2007,54,0.566,0.766,-5.036,0.0399,0.431,0.0,0.101,0.547,168.005,"pop, R&B"
Coldplay,Violet Hill,222653,2008,63,0.33,0.58,-7.875,0.0374,0.0614,0.00129,0.115,0.11,76.093,"rock, pop"
Jennifer Hudson,Spotlight,250106,2008,60,0.707,0.724,-3.887,0.051,0.0448,0.0,0.072,0.659,108.984,"pop, R&B, easy listening"
John Legend,Green Light (feat. André 3000),284186,2008,55,0.622,0.882,-5.59,0.119,0.0912,0.0,0.216,0.762,77.506,"pop, R&B"
Jonas Brothers,Burnin' Up,175093,2008,68,0.667,0.954,-3.462,0.0817,0.0296,0.0,0.331,0.807,114.03,pop
Lupe Fiasco,Superstar (feat. Matthew Santos),289000,2007,64,0.572,0.822,-6.015,0.361,0.207,0.0,0.359,0.472,94.812,"hip hop, pop"
Chris Brown,Forever,278573,2008,74,0.672,0.82,-4.456,0.0459,0.0368,0.000188,0.184,0.438,120.005,"hip hop, pop, R&B"
Adele,Chasing Pavements,210506,2008,1,0.614,0.47,-6.09,0.0255,0.291,0.0,0.111,0.329,80.045,"pop, R&B"
Leona Lewis,Better in Time,234173,2007,67,0.584,0.7,-4.251,0.0506,0.512,2.43e-05,0.13,0.549,163.953,"pop, R&B"
Fergie,Clumsy,240426,2006,58,0.731,0.563,-4.046,0.131,0.191,0.00042,0.296,0.452,184.009,"pop, R&B"
T-Pain,Can't Believe It (feat. Lil' Wayne),273826,2008,0,0.648,0.516,-8.869,0.049,0.00179,0.0,0.0772,0.0756,89.828,"hip hop, pop, R&B"
Black Eyed Peas,I Gotta Feeling,289133,2009,80,0.743,0.766,-6.375,0.0265,0.0873,0.0,0.509,0.61,127.96,"hip hop, pop"
Lady Gaga,Poker Face,237200,2008,77,0.851,0.806,-4.62,0.0787,0.118,1.64e-06,0.121,0.787,118.999,pop
Beyoncé,Halo,261640,2008,74,0.508,0.72,-5.908,0.0628,0.272,0.0,0.0563,0.472,79.983,"pop, R&B"
Flo Rida,Right Round,204640,2009,74,0.72,0.672,-6.852,0.0551,0.009,0.0,0.232,0.705,124.986,"hip hop, pop"
Taylor Swift,Love Story,236266,2008,74,0.617,0.741,-3.97,0.0311,0.131,0.0,0.0772,0.306,118.984,pop
Pitbull,Hotel Room Service,238506,2009,63,0.849,0.599,-8.164,0.227,0.00301,0.000249,0.0763,0.761,126.003,"hip hop, pop, latin"
Britney Spears,Circus,192360,2008,74,0.791,0.733,-5.215,0.052,0.147,0.000381,0.0713,0.761,114.98,pop
Lady Gaga,LoveGame,216333,2008,69,0.894,0.678,-5.611,0.0523,0.00569,2.43e-06,0.317,0.844,105.024,pop
Skillet,Monster,178013,2009,75,0.64,0.957,-2.336,0.0741,0.0431,0.0,0.0789,0.692,134.992,"rock, pop, metal"
The Prodigy,Omen,216026,2009,57,0.545,0.953,-5.172,0.0441,0.000941,0.117,0.281,0.558,140.002,"rock, pop, Dance/Electronic"
Black Eyed Peas,Meet Me Halfway,284373,2009,72,0.798,0.629,-6.857,0.0735,0.00474,2.17e-05,0.324,0.4,130.0,"hip hop, pop"
Kanye West,Heartless,211000,2008,82,0.79,0.647,-5.983,0.136,0.0515,0.0,0.248,0.654,87.999,hip hop
Kid Cudi,Day 'N' Nite (Nightmare),221240,2009,72,0.88,0.443,-6.359,0.0653,0.462,7.13e-06,0.122,0.803,138.018,hip hop
Lady Gaga,Just Dance,241933,2008,76,0.822,0.739,-4.541,0.0311,0.0264,4.26e-05,0.181,0.745,118.992,pop
Britney Spears,If U Seek Amy,216520,2008,69,0.717,0.587,-7.296,0.0339,0.0192,0.0,0.0523,0.544,129.954,pop
Pitbull,I Know You Want Me (Calle Ocho),237120,2009,59,0.825,0.743,-5.995,0.149,0.0142,2.12e-05,0.237,0.8,127.045,"hip hop, pop, latin"
Mariah Carey,Obsessed,242200,2009,66,0.742,0.468,-5.557,0.0625,0.0465,0.0,0.826,0.369,86.443,"pop, R&B"
Beyoncé,Sweet Dreams,208066,2008,48,0.694,0.825,-5.986,0.111,0.0895,1.86e-05,0.0618,0.788,121.949,"pop, R&B"
Agnes,Release Me,256213,2009,65,0.621,0.923,-3.124,0.0321,0.00645,7.28e-05,0.108,0.716,127.973,"pop, Dance/Electronic"
Shakira,She Wolf,188866,2009,68,0.865,0.69,-7.448,0.0443,0.285,0.0162,0.225,0.867,121.983,"pop, latin"
Lady Gaga,Paparazzi,208306,2008,70,0.762,0.692,-3.973,0.0438,0.113,0.0,0.094,0.397,114.906,pop
OneRepublic,All The Right Moves,238000,2009,65,0.529,0.948,-3.527,0.0474,0.258,9.35e-06,0.283,0.65,146.024,pop
Jeremih,Birthday Sex,226506,2009,67,0.677,0.523,-5.603,0.0439,0.295,0.0,0.15,0.446,60.019,"hip hop, pop, R&B"
Cascada,Evacuate The Dancefloor,207200,2009,63,0.762,0.702,-5.87,0.0432,0.0167,0.0,0.314,0.898,127.029,"hip hop, pop, Dance/Electronic"
Linkin Park,New Divide,268613,2009,68,0.493,0.808,-3.365,0.0362,0.000235,0.0,0.0983,0.38,117.971,"rock, metal"
Eminem,We Made You,269613,2009,63,0.924,0.853,-1.203,0.0792,0.107,1.45e-06,0.129,0.67,114.003,hip hop
Dizzee Rascal,Bonkers,177573,2011,38,0.624,0.977,-3.34,0.22,0.00615,0.0,0.253,0.74,126.127,"hip hop, pop, Dance/Electronic"
Ciara,Love Sex Magic (feat. Justin Timberlake),220426,2009,58,0.893,0.666,-5.089,0.138,0.0206,0.0,0.342,0.874,107.011,"pop, R&B"
Soulja Boy,Turn My Swag On,206333,2008,59,0.546,0.712,-3.104,0.0269,0.000969,0.0,0.406,0.489,150.154,"hip hop, pop"
The xx,Intro,127920,2009,2,0.617,0.778,-8.871,0.027,0.459,0.925,0.128,0.152,100.363,rock
Jay Sean,Down,212106,2009,3,0.657,0.695,-4.493,0.0321,0.0108,0.0,0.0822,0.683,65.997,"hip hop, pop, R&B"
David Guetta,When Love Takes Over (feat. Kelly Rowland),191000,2010,69,0.675,0.862,-4.614,0.0253,0.0165,0.000427,0.169,0.498,129.967,"hip hop, pop, Dance/Electronic"
Cheryl,Fight For This Love,223253,2009,65,0.739,0.741,-5.873,0.0912,0.013,0.0,0.0679,0.727,122.988,"pop, Dance/Electronic"
P!nk,Sober,251440,2010,46,0.614,0.792,-4.907,0.0299,0.0653,0.0,0.195,0.407,91.066,pop
Tinchy Stryder,Number 1,212773,2009,59,0.581,0.824,-3.912,0.0377,0.0105,0.0,0.483,0.747,114.912,"pop, Dance/Electronic"
Pixie Lott,"Mama Do (Uh Oh, Uh Oh)",196520,2009,54,0.451,0.873,-4.711,0.19,0.171,0.0,0.327,0.589,119.918,"pop, Dance/Electronic"
JLS,Beat Again - Radio Edit,196640,2009,0,0.894,0.93,-4.577,0.0712,0.0355,0.0,0.0759,0.968,120.02,pop
A.R. Rahman,Jai Ho! (You Are My Destiny),222400,2009,65,0.657,0.941,-3.919,0.061,0.0476,0.0,0.0797,0.879,136.202,set()
The Pussycat Dolls,I Hate This Part,218400,2008,64,0.756,0.612,-4.371,0.0317,0.0659,0.0,0.274,0.452,111.572,"pop, R&B"
Akon,Beautiful,312986,2008,65,0.74,0.945,-4.442,0.0889,0.123,0.0,0.112,0.629,130.015,pop
Alexandra Burke,Bad Boys (feat. Flo Rida),206480,2009,57,0.67,0.866,-3.684,0.0538,0.0115,0.0,0.358,0.636,140.029,pop
Selena Gomez & The Scene,Naturally,202586,2009,63,0.605,0.902,-5.406,0.0511,0.0185,1.01e-06,0.0534,0.875,132.612,"pop, Dance/Electronic"
Kanye West,Love Lockdown,270306,2008,66,0.76,0.524,-7.67,0.0323,0.0542,0.5,0.112,0.112,119.603,hip hop
The Veronicas,Untouched,255360,2005,58,0.557,0.783,-4.893,0.234,0.0171,0.0172,0.151,0.442,177.008,"pop, Dance/Electronic"
Jason Derulo,Whatcha Say,221253,2010,70,0.615,0.711,-5.507,0.0779,0.0444,0.0,0.145,0.711,144.036,"hip hop, pop"
Sean Kingston,Fire Burning,239986,2009,71,0.839,0.804,-2.513,0.0329,0.0192,0.0,0.331,0.888,122.973,"hip hop, pop, R&B"
Empire of the Sun,Walking On A Dream,198440,2008,77,0.871,0.701,-5.594,0.0458,0.257,7.52e-06,0.0589,0.716,126.975,"rock, pop, Dance/Electronic"
Cobra Starship,Good Girls Go Bad (feat. Leighton Meester),196413,2009,65,0.594,0.874,-3.716,0.0815,0.0116,0.0,0.549,0.628,119.964,"pop, Dance/Electronic"
Nickelback,If Today Was Your Last Day,249066,2008,66,0.485,0.911,-5.749,0.0355,8.67e-05,0.0,0.092,0.568,89.956,"rock, metal"
La Roux,Bulletproof,205733,2009,71,0.674,0.882,-2.771,0.0477,0.000441,6.47e-05,0.068,0.682,123.016,"pop, Dance/Electronic"
Kasabian,Fire,252279,2009,64,0.525,0.742,-5.643,0.0311,0.0874,0.149,0.117,0.179,117.029,rock
Calvin Harris,I'm Not Alone - Radio Edit,210973,2009,55,0.597,0.684,-6.614,0.0321,0.00481,0.105,0.317,0.435,130.99,"hip hop, pop, Dance/Electronic"
Justin Bieber,One Time,215866,2009,71,0.691,0.853,-2.528,0.0372,0.0631,7.13e-05,0.082,0.762,145.999,pop
La Roux,In For The Kill,248626,2009,59,0.629,0.969,-0.276,0.0455,0.00184,0.0,0.122,0.905,150.01,"pop, Dance/Electronic"
Muse,Uprising,304840,2009,75,0.602,0.905,-4.046,0.0775,0.000202,0.064,0.117,0.411,128.019,rock
Nickelback,Gotta Be Somebody,252653,2008,62,0.536,0.89,-5.222,0.0601,0.000354,0.00165,0.133,0.205,115.998,"rock, metal"
James Morrison,Broken Strings,250453,2008,70,0.57,0.717,-4.914,0.029,0.00967,0.0,0.0833,0.321,111.91,"pop, R&B"
Dizzee Rascal,Holiday,220626,2011,60,0.545,0.918,-1.925,0.0448,0.0571,0.0,0.0415,0.855,117.985,"hip hop, pop, Dance/Electronic"
Beyoncé,Single Ladies (Put a Ring on It),193213,2008,67,0.426,0.584,-5.293,0.296,0.0383,0.0,0.188,0.272,193.437,"pop, R&B"
Boys Like Girls,Love Drunk,226706,2009,64,0.44,0.976,-3.17,0.141,0.00177,3.39e-06,0.16,0.412,150.005,pop
OneRepublic,Secrets,224693,2009,74,0.516,0.764,-6.223,0.0366,0.0717,0.0,0.115,0.376,148.021,pop
JLS,Everybody in Love,195586,2013,39,0.705,0.783,-5.971,0.0327,0.0703,0.0,0.36,0.656,140.022,pop
Jason Aldean,Big Green Tractor,204200,2009,50,0.616,0.596,-5.035,0.0289,0.654,0.0,0.218,0.58,137.077,country
The Fray,Never Say Never,256613,2009,67,0.23,0.492,-5.767,0.0317,0.568,8.18e-06,0.176,0.262,160.139,pop
Kings of Leon,Sex on Fire,203346,2008,80,0.542,0.905,-5.653,0.054,0.00172,0.0104,0.136,0.374,153.398,rock
Kelly Clarkson,Already Gone,281560,2009,56,0.209,0.872,-2.996,0.0757,0.217,0.0,0.0768,0.294,78.139,"pop, R&B"
Miley Cyrus,Party In The U.S.A.,202066,2009,79,0.652,0.698,-4.667,0.042,0.00112,0.000115,0.0886,0.47,96.021,pop
Jordin Sparks,Battlefield,241920,2009,57,0.613,0.634,-3.472,0.0339,0.0178,0.0,0.0639,0.37,144.953,"pop, R&B"
Ne-Yo,Mad,254533,2008,64,0.731,0.644,-5.348,0.0343,0.665,0.0,0.11,0.691,129.94,"pop, R&B"
Green Day,21 Guns,321093,2009,73,0.268,0.742,-4.939,0.0355,0.0518,0.0,0.626,0.416,159.779,rock
Keri Hilson,Knock You Down,326186,2009,57,0.588,0.877,-4.78,0.16,0.00952,0.0,0.171,0.645,155.165,"pop, R&B"
Taylor Swift,You Belong With Me,231146,2008,55,0.687,0.771,-4.424,0.0384,0.164,2.46e-05,0.112,0.445,129.964,pop
Shinedown,Second Chance,222066,2008,67,0.46,0.796,-4.501,0.0333,0.00107,0.0,0.106,0.182,100.011,"rock, metal"
Katy Perry,Waking Up In Vegas,199186,2008,49,0.524,0.878,-3.108,0.0346,0.0012,0.0,0.098,0.59,130.989,pop
Kelly Clarkson,My Life Would Suck Without You,211493,2009,68,0.526,0.882,-4.006,0.0509,0.0014,0.0,0.144,0.424,144.982,"pop, R&B"
The Fray,You Found Me,241853,2009,73,0.338,0.803,-5.412,0.0413,0.0187,0.0,0.136,0.4,151.994,pop
Bruno Mars,Just the Way You Are,220734,2010,77,0.635,0.841,-5.379,0.0422,0.0134,0.0,0.0622,0.424,109.021,pop
Stromae,Alors on danse - Radio Edit,206066,2010,77,0.791,0.59,-9.206,0.0793,0.0994,0.00203,0.065,0.714,119.951,pop
Kesha,TiK ToK,199693,2010,80,0.755,0.837,-2.718,0.142,0.0991,0.0,0.289,0.714,120.028,"pop, Dance/Electronic"
David Guetta,Memories (feat. Kid Cudi),210853,2010,76,0.546,0.916,-3.932,0.255,0.00144,4.34e-06,0.251,0.375,129.983,"hip hop, pop, Dance/Electronic"
Taio Cruz,Dynamite,202613,2010,80,0.751,0.783,-3.724,0.0859,0.00379,0.0,0.036,0.816,119.975,"hip hop, pop"
Rihanna,Only Girl (In The World),235493,2010,73,0.789,0.716,-4.241,0.0432,0.129,1.07e-05,0.069,0.611,125.906,"hip hop, pop, R&B"
Katy Perry,California Gurls,234653,2012,72,0.791,0.754,-3.729,0.0569,0.00446,0.0,0.163,0.425,125.014,pop
Kesha,Take It Off,215200,2010,68,0.729,0.675,-5.292,0.0286,4.14e-05,0.00126,0.0867,0.74,125.036,"pop, Dance/Electronic"
INNA,Hot - Play & Win Radio Version,217036,2010,42,0.817,0.939,-6.079,0.28,0.0798,0.441,0.431,0.599,128.0,pop
Far East Movement,Like A G6,216893,2010,73,0.435,0.837,-8.126,0.449,0.00676,0.0,0.117,0.778,124.913,"hip hop, pop"
David Guetta,Gettin' Over You (feat. Fergie & LMFAO),188000,2010,62,0.615,0.913,-5.077,0.0816,0.178,0.0,0.0773,0.45,129.944,"hip hop, pop, Dance/Electronic"
Duck Sauce,Barbra Streisand - Radio Edit,196533,2010,46,0.769,0.922,-1.966,0.108,0.000939,0.197,0.233,0.506,127.965,Dance/Electronic
Lucenzo,Danza Kuduro (feat. Don Omar),213986,2011,0,0.622,0.942,-6.365,0.112,0.00713,0.0,0.0715,0.773,130.003,latin
Timbaland,Carry Out (Featuring Justin Timberlake),232466,2009,69,0.531,0.574,-6.693,0.113,0.114,0.0308,0.256,0.272,115.68,"hip hop, pop, R&B"
DJ Fresh,Gold Dust - Radio Edit,192446,2010,63,0.451,0.948,-0.74,0.147,0.255,0.0,0.392,0.295,176.985,"pop, Dance/Electronic"
Edward Maya,Stereo Love - Radio Edit,184573,2010,66,0.799,0.783,-3.896,0.0322,0.0346,0.0186,0.0757,0.586,127.041,pop
Taio Cruz,Break Your Heart,201546,2010,74,0.607,0.934,-4.217,0.0314,0.0327,0.0,0.0909,0.568,122.01,"hip hop, pop"
Black Eyed Peas,Imma Be,257560,2009,61,0.597,0.517,-6.963,0.365,0.179,0.0,0.307,0.412,92.035,"hip hop, pop"
Lady Gaga,Alejandro,274213,2009,67,0.623,0.793,-6.63,0.0462,0.000397,0.0015,0.375,0.36,98.998,pop
Ne-Yo,Beautiful Monster,251573,2010,57,0.708,0.771,-6.99,0.131,0.209,5.32e-06,0.277,0.494,128.013,"pop, R&B"
3OH!3,Starstrukk,203093,2010,32,0.605,0.795,-6.086,0.0712,0.00153,0.0,0.207,0.263,139.896,"hip hop, pop, rock"
Black Eyed Peas,The Time (Dirty Bit),307640,2010,69,0.816,0.813,-7.798,0.0664,0.0662,2.77e-06,0.602,0.436,127.979,"hip hop, pop"
Kelly Rowland,Commander,218106,2011,59,0.395,0.876,-3.859,0.138,0.0173,8.46e-06,0.362,0.567,124.638,"hip hop, pop, R&B"
Swedish House Mafia,One (Your Name) - Radio Edit,163246,2010,63,0.733,0.673,-6.572,0.0333,0.0132,0.0049,0.16,0.636,125.061,"pop, Dance/Electronic"
Usher,DJ Got Us Fallin' In Love (feat. Pitbull),220800,2010,79,0.663,0.861,-3.398,0.109,0.0338,0.0,0.082,0.654,119.963,"hip hop, pop, R&B"
Iyaz,Replay,182306,2009,75,0.706,0.751,-6.323,0.0708,0.173,0.0,0.168,0.195,91.031,"hip hop, pop"
Flo Rida,Club Can't Handle Me (feat. David Guetta),234560,2010,76,0.616,0.869,-3.911,0.0327,0.0283,0.0,0.064,0.473,127.966,"hip hop, pop"
Sean Kingston,Eenie Meenie,201946,2010,74,0.72,0.607,-4.168,0.0322,0.0543,0.0,0.113,0.828,121.223,"hip hop, pop, R&B"
Tinie Tempah,Written in the Stars (feat. Eric Turner),207653,2010,57,0.656,0.931,-4.188,0.0981,0.0613,0.0,0.219,0.534,91.881,"hip hop, pop, Dance/Electronic"
Bruno Mars,Talking to the Moon,217866,2010,76,0.498,0.59,-4.721,0.032,0.511,0.0,0.107,0.0784,145.867,pop
Miley Cyrus,Can't Be Tamed,168213,2010,0,0.63,0.91,-2.919,0.144,0.0287,0.0,0.196,0.743,116.98,pop
Mike Posner,Cooler Than Me - Single Mix,213293,2010,75,0.768,0.82,-4.63,0.0474,0.179,0.0,0.689,0.625,129.965,"hip hop, pop, Dance/Electronic"
Lady Gaga,Telephone,220640,2009,69,0.824,0.836,-5.903,0.0404,0.00521,0.000817,0.112,0.716,122.014,pop
Yolanda Be Cool,We No Speak Americano (JT Radio Edit),157438,2010,1,0.901,0.805,-5.005,0.0464,0.0712,0.0812,0.0923,0.737,124.996,Dance/Electronic
Adam Lambert,Whataya Want from Me,227320,2009,57,0.438,0.672,-4.706,0.0429,0.0055,0.0,0.0583,0.457,185.934,pop
Timbaland,If We Ever Meet Again (Featuring Katy Perry),292706,2009,68,0.652,0.605,-7.371,0.0393,0.00481,0.0,0.0605,0.394,126.091,"hip hop, pop, R&B"
Enrique Iglesias,I Like It,231373,2010,63,0.648,0.942,-2.881,0.0878,0.021,0.0,0.0594,0.73,129.007,"pop, latin"
Tim Berg,Seek Bromance - Avicii’s Vocal Edit,203960,2010,0,0.515,0.837,-2.552,0.0401,0.0868,0.0,0.0403,0.52,126.026,"pop, Dance/Electronic"
Usher,OMG (feat. will.i.am),269493,2010,73,0.781,0.745,-5.81,0.0332,0.198,1.14e-05,0.36,0.326,129.998,"hip hop, pop, R&B"
Maroon 5,Misery,216200,2010,67,0.703,0.81,-4.874,0.0424,0.000315,0.0,0.216,0.726,102.978,pop
Jay Sean,Down,212106,2009,3,0.657,0.695,-4.493,0.0321,0.0108,0.0,0.0822,0.683,65.997,"hip hop, pop, R&B"
3OH!3,My First Kiss (feat. Ke$ha),192440,2010,62,0.682,0.889,-4.166,0.0804,0.00564,0.0,0.36,0.827,138.021,"hip hop, pop, rock"
Justin Bieber,Baby,214240,2010,81,0.728,0.859,-5.237,0.137,0.0401,0.0,0.111,0.535,65.043,pop
K'NAAN,Wavin' Flag,220520,2009,57,0.625,0.699,-6.416,0.0729,0.13,0.0,0.238,0.717,75.974,set()
Jason Derulo,In My Head,199026,2010,65,0.762,0.748,-4.15,0.033,0.0266,0.0,0.348,0.851,110.009,"hip hop, pop"
Aloe Blacc,I Need A Dollar,243053,2010,1,0.84,0.482,-7.116,0.0333,0.202,0.0,0.0873,0.957,95.498,R&B
Nelly,Just A Dream,237800,2010,73,0.531,0.752,-6.161,0.0305,0.0421,0.0,0.12,0.103,89.917,"hip hop, pop, R&B"
Rihanna,What's My Name?,263173,2010,66,0.692,0.786,-2.959,0.069,0.23,0.0,0.0797,0.583,100.025,"hip hop, pop, R&B"
Shontelle,Impossible,226533,2010,35,0.599,0.624,-3.631,0.0343,0.385,0.0,0.125,0.539,90.034,"pop, R&B"
Take That,The Flood,289359,2010,57,0.514,0.83,-6.077,0.044,0.0378,1.43e-06,0.122,0.138,100.631,pop
Trey Songz,Say Aah (feat. Fabolous),207546,2009,54,0.724,0.87,-3.614,0.113,0.00453,0.0,0.833,0.81,93.01,"hip hop, pop, R&B"
Jason Derulo,Whatcha Say,221253,2010,70,0.615,0.711,-5.507,0.0779,0.0444,0.0,0.145,0.711,144.036,"hip hop, pop"
Example,Kickstarts,181826,2010,63,0.61,0.836,-4.455,0.0573,0.00374,0.0,0.358,0.657,126.056,"pop, Dance/Electronic"
Plan B,She Said,208853,2010,62,0.72,0.538,-5.85,0.141,0.301,3.03e-06,0.144,0.815,147.007,Dance/Electronic
The Saturdays,Higher,207613,2010,61,0.639,0.862,-3.292,0.0341,0.049,6.81e-06,0.264,0.596,117.011,"pop, Dance/Electronic"
Jay Sean,Do You Remember,210306,2009,2,0.855,0.668,-4.892,0.0644,0.0242,0.0,0.102,0.803,125.846,"hip hop, pop, R&B"
Usher,Hey Daddy (Daddy's Home),224093,2010,60,0.59,0.698,-4.262,0.0286,0.000176,0.0,0.107,0.352,95.975,"hip hop, pop, R&B"
The Wanted,All Time Low,205200,2010,18,0.689,0.615,-5.022,0.0563,0.352,0.0,0.0789,0.783,134.036,"pop, Dance/Electronic"
Kesha,Your Love Is My Drug,187133,2010,69,0.826,0.612,-3.891,0.0982,0.00681,0.0,0.0889,0.756,120.057,"pop, Dance/Electronic"
Ellie Goulding,Starry Eyed,176613,2010,54,0.504,0.814,-5.346,0.0389,0.135,1.42e-05,0.324,0.596,149.967,"pop, rock, Dance/Electronic"
Drake,Find Your Love,208946,2010,56,0.625,0.613,-6.005,0.173,0.0209,0.0,0.0286,0.738,96.033,"hip hop, pop, R&B"
Jason Derulo,Ridin' Solo,215746,2010,66,0.442,0.83,-4.02,0.146,0.128,0.0,0.129,0.578,89.338,"hip hop, pop"
Two Door Cinema Club,What You Know,189693,2010,0,0.55,0.753,-4.003,0.0407,0.000665,7.74e-06,0.0921,0.841,139.048,"World/Traditional, rock, pop"
B.o.B,Nothin' on You (feat. Bruno Mars),268320,2010,74,0.688,0.853,-5.814,0.0493,0.386,0.0,0.0862,0.743,103.993,"hip hop, pop"
Katy Perry,Teenage Dream,227741,2010,69,0.719,0.798,-4.582,0.0361,0.0162,2.34e-06,0.134,0.591,120.011,pop
Scouting For Girls,This Ain't a Love Song,210680,2017,52,0.458,0.905,-4.157,0.0451,0.000431,0.0,0.378,0.553,176.667,"pop, rock"
Owl City,Fireflies,228346,2009,78,0.512,0.662,-6.797,0.0439,0.0275,0.0,0.118,0.472,180.114,"rock, pop"
Alicia Keys,Empire State of Mind (Part II) Broken Down,216480,2009,71,0.484,0.368,-7.784,0.0341,0.74,3.82e-05,0.118,0.142,92.923,"pop, R&B"
Lady A,Need You Now,236440,2010,73,0.581,0.717,-4.433,0.0318,0.0298,0.000186,0.243,0.316,107.884,"pop, country"
Taylor Swift,Back To December,293026,2010,65,0.529,0.67,-4.663,0.0303,0.117,0.0,0.334,0.286,141.893,pop
Neon Trees,Animal,212306,2010,64,0.482,0.829,-5.576,0.0437,0.00034,0.0,0.378,0.739,147.99,"rock, pop"
Kris Allen,Live Like We're Dying,212506,2009,51,0.589,0.893,-2.948,0.0397,0.0273,0.0,0.343,0.94,92.011,pop
Matt Cardle,When We Collide,226000,2011,46,0.443,0.683,-5.521,0.0343,0.0198,5.26e-06,0.313,0.447,81.986,pop
Robyn,Dancing On My Own,288670,2010,0,0.687,0.865,-4.663,0.0349,0.0743,0.225,0.0966,0.261,117.015,"pop, Dance/Electronic"
The Band Perry,If I Die Young,222773,2010,64,0.606,0.497,-6.611,0.0277,0.348,0.0,0.275,0.362,130.739,country
B.o.B,Magic (feat. Rivers Cuomo),196133,2010,65,0.549,0.932,-4.11,0.343,0.0127,0.0,0.347,0.787,82.439,"hip hop, pop"
Maroon 5,"Moves Like Jagger - Studio Recording From ""The Voice"" Performance",201493,2010,77,0.722,0.761,-4.459,0.0475,0.0117,0.0,0.315,0.624,128.044,pop
LMFAO,Party Rock Anthem,262146,2011,73,0.751,0.736,-4.168,0.156,0.0206,0.0,0.265,0.352,130.014,"hip hop, pop, Dance/Electronic"
Katy Perry,Firework,227893,2010,72,0.638,0.832,-5.039,0.049,0.141,0.0,0.113,0.648,124.071,pop
Bruno Mars,Grenade,222091,2010,78,0.704,0.558,-7.273,0.0542,0.148,0.0,0.107,0.245,110.444,pop
Pitbull,Hey Baby (Drop It to the Floor) (feat. T-Pain),234453,2011,71,0.595,0.912,-3.428,0.0884,0.0434,0.0,0.259,0.762,128.024,"hip hop, pop, latin"
Alexandra Stan,Mr. Saxobeat,195105,2011,0,0.726,0.931,-4.152,0.0468,0.0218,0.000283,0.143,0.797,126.976,"pop, Dance/Electronic"
David Guetta,Who's That Chick? (feat. Rihanna),201040,2010,71,0.675,0.602,-4.733,0.116,0.00377,0.0,0.0458,0.933,127.938,"hip hop, pop, Dance/Electronic"
Jennifer Lopez,On The Floor,284866,2011,79,0.73,0.777,-5.194,0.0496,0.105,0.000478,0.0691,0.575,130.0,"hip hop, pop, R&B"
Rihanna,S&M,243533,2010,73,0.767,0.682,-5.02,0.042,0.0113,0.00016,0.104,0.833,127.975,"hip hop, pop, R&B"
Kesha,Blow,219973,2010,69,0.753,0.729,-3.862,0.0392,0.00334,5.66e-05,0.073,0.812,120.013,"pop, Dance/Electronic"
Snoop Dogg,Sweat - Remix,195986,2011,68,0.813,0.732,-5.636,0.03,0.0597,0.00137,0.0826,0.731,130.02,"hip hop, pop"
Taio Cruz,Higher,187626,2010,61,0.672,0.907,-5.069,0.0721,0.0048,3.4e-05,0.156,0.746,128.027,"hip hop, pop"
Usher,More - RedOne Jimmy Joker Remix,219986,2010,67,0.551,0.893,-2.628,0.0543,0.00166,0.0,0.348,0.794,125.083,"hip hop, pop, R&B"
Example,Changed the Way You Kiss Me - Radio Edit,195466,2011,42,0.578,0.857,-3.78,0.041,0.00548,0.00162,0.0948,0.188,126.979,"pop, Dance/Electronic"
Black Eyed Peas,Just Can’t Get Enough,219426,2010,76,0.659,0.628,-8.685,0.179,0.186,0.0,0.105,0.262,94.05,"hip hop, pop"
Lykke Li,I Follow Rivers - The Magician Remix,281106,2011,51,0.786,0.709,-5.737,0.0395,0.0192,0.00118,0.0845,0.285,122.019,"pop, Dance/Electronic"
Pitbull,"Give Me Everything (feat. Ne-Yo, Afrojack & Nayer)",252306,2011,81,0.671,0.939,-3.206,0.161,0.191,0.0,0.298,0.53,129.024,"hip hop, pop, latin"
Selena Gomez & The Scene,Love You Like A Love Song,188453,2011,79,0.858,0.678,-3.87,0.0469,0.0761,0.0,0.0741,0.922,117.009,"pop, Dance/Electronic"
Katy Perry,E.T.,229573,2012,65,0.62,0.869,-5.252,0.175,0.0181,0.0,0.369,0.76,151.684,pop
Britney Spears,I Wanna Go,210266,2011,66,0.696,0.546,-6.55,0.0414,0.00379,3.8e-06,0.332,0.787,130.002,pop
Gym Class Heroes,Stereo Hearts (feat. Adam Levine),210960,2011,81,0.646,0.795,-3.293,0.0976,0.0319,0.0,0.267,0.796,89.99,"hip hop, pop"
Edward Maya,Stereo Love - Radio Edit,184573,2010,66,0.799,0.783,-3.896,0.0322,0.0346,0.0186,0.0757,0.586,127.041,pop
Jeremih,Down On Me,228453,2010,72,0.7,0.598,-7.783,0.114,0.0369,0.0,0.111,0.594,160.041,"hip hop, pop, R&B"
Olly Murs,Heart Skips a Beat (feat. Rizzle Kicks),202266,2011,61,0.843,0.881,-3.951,0.0581,0.14,0.0,0.0765,0.876,110.621,"pop, Dance/Electronic"
LMFAO,Sexy And I Know It,199480,2011,67,0.707,0.861,-4.225,0.316,0.1,0.0,0.191,0.795,130.021,"hip hop, pop, Dance/Electronic"
Cobra Starship,You Make Me Feel... (feat. Sabi),215693,2011,70,0.668,0.857,-2.944,0.0535,0.0191,6.71e-06,0.0385,0.748,131.959,"pop, Dance/Electronic"
DJ Fresh,Louder (feat. Sian Evans) - Radio Edit,206776,2012,55,0.31,0.926,-1.131,0.0464,0.0184,0.00792,0.483,0.493,139.85,"pop, Dance/Electronic"
Nickelback,When We Stand Together,190786,2011,65,0.446,0.9,-3.541,0.0489,0.000102,1.89e-05,0.0404,0.88,187.961,"rock, metal"
M83,Midnight City,243960,2011,76,0.507,0.729,-5.399,0.0393,0.0182,1.4e-06,0.0658,0.272,105.013,"rock, pop, metal, Dance/Electronic"
Britney Spears,Till the World Ends,237946,2011,65,0.693,0.705,-5.747,0.0665,0.0228,0.0,0.202,0.45,131.951,pop
Jason Derulo,Don't Wanna Go Home,206080,2011,63,0.671,0.808,-4.861,0.0652,0.02,0.0,0.134,0.637,121.956,"hip hop, pop"
Coldplay,Paradise,278719,2011,82,0.449,0.585,-6.761,0.0268,0.0509,8.75e-05,0.0833,0.212,139.631,"rock, pop"
Katy Perry,Last Friday Night (T.G.I.F.),230746,2012,74,0.649,0.815,-3.796,0.0415,0.00125,4.31e-05,0.671,0.765,126.03,pop
Adele,Set Fire to the Rain,242973,2011,2,0.603,0.67,-3.882,0.0249,0.00408,1.66e-06,0.112,0.445,107.995,"pop, R&B"
Far East Movement,Rocketeer,211253,2010,61,0.664,0.845,-6.115,0.0461,0.181,0.0,0.267,0.357,96.005,"hip hop, pop"
The Wanted,Glad You Came,197935,2011,77,0.722,0.851,-3.873,0.0639,0.0319,0.0,0.108,0.452,126.885,"pop, Dance/Electronic"
Kesha,We R Who We R,204760,2010,71,0.736,0.817,-4.9,0.0407,0.00987,0.00167,0.117,0.653,119.95,"pop, Dance/Electronic"
Kelly Rowland,Motivation,230560,2011,65,0.744,0.672,-5.589,0.0418,0.187,0.000123,0.105,0.266,140.889,"hip hop, pop, R&B"
Rihanna,We Found Love,215226,2011,75,0.735,0.766,-4.485,0.0383,0.025,0.00138,0.108,0.6,127.985,"hip hop, pop, R&B"
Nicole Scherzinger,Don't Hold Your Breath,197440,2011,62,0.66,0.797,-6.096,0.0262,0.00646,0.000108,0.187,0.674,110.955,"pop, Dance/Electronic"
Swedish House Mafia,Save The World,213337,2011,65,0.507,0.665,-7.598,0.0474,0.0144,0.0,0.0759,0.4,126.879,"pop, Dance/Electronic"
Miguel,Sure Thing,195373,2010,78,0.684,0.607,-8.127,0.1,0.0267,0.000307,0.191,0.498,81.001,"pop, R&B"
Diddy - Dirty Money,Coming Home,238693,2010,69,0.392,0.839,-1.921,0.193,0.158,0.0,0.3,0.232,168.001,"hip hop, pop, R&B"
Rihanna,What's My Name?,263173,2010,66,0.692,0.786,-2.959,0.069,0.23,0.0,0.0797,0.583,100.025,"hip hop, pop, R&B"
Chris Brown,Beautiful People,225881,2019,53,0.415,0.775,-6.366,0.161,0.0658,0.00431,0.0843,0.536,127.898,"hip hop, pop, R&B"
Avril Lavigne,What the Hell,220706,2011,74,0.578,0.926,-3.689,0.0548,0.00472,0.0127,0.14,0.877,149.976,pop
Chase & Status,Blind Faith,233666,2011,60,0.45,0.846,-4.712,0.0472,0.00523,0.0,0.228,0.402,140.042,Dance/Electronic
Selena Gomez & The Scene,Who Says,195613,2011,76,0.682,0.927,-2.915,0.0479,0.0843,0.0,0.149,0.744,101.019,"pop, Dance/Electronic"
Rizzle Kicks,Down With The Trumpets,186851,2011,59,0.753,0.88,-4.689,0.0806,0.087,0.0,0.24,0.794,115.057,hip hop
Lady Gaga,Born This Way,260253,2011,72,0.587,0.828,-5.108,0.161,0.00327,0.0,0.331,0.494,123.907,pop
Calvin Harris,Bounce (feat. Kelis) - Radio Edit,222186,2012,62,0.779,0.963,-2.125,0.0399,0.0334,0.493,0.664,0.759,127.941,"hip hop, pop, Dance/Electronic"
David Guetta,Without You (feat. Usher),208133,2012,70,0.608,0.614,-3.727,0.0285,0.227,4.06e-06,0.157,0.402,127.884,"hip hop, pop, Dance/Electronic"
Foster The People,Pumped Up Kicks,239600,2011,82,0.733,0.71,-5.849,0.0292,0.145,0.115,0.0956,0.965,127.975,"rock, pop"
Jessie J,Price Tag,223053,2011,73,0.636,0.831,-3.945,0.182,0.0294,3.85e-06,0.272,0.668,175.015,"hip hop, pop"
Jason Aldean,Dirt Road Anthem,229413,2010,53,0.678,0.739,-5.068,0.0352,0.32,2.36e-06,0.116,0.658,127.037,country
Bruno Mars,The Lazy Song,189109,2010,75,0.794,0.711,-5.124,0.0699,0.3,0.0,0.0955,0.955,174.915,pop
James Morrison,I Won't Let You Go,229303,2011,64,0.537,0.611,-6.427,0.0304,0.229,0.0,0.146,0.161,105.955,"pop, R&B"
Jason Derulo,It Girl,192200,2011,70,0.668,0.718,-4.736,0.0605,0.0165,0.0,0.104,0.345,91.993,"hip hop, pop"
Adele,Someone Like You,285240,2011,4,0.554,0.321,-8.251,0.028,0.893,0.0,0.0996,0.288,135.047,"pop, R&B"
Red Hot Chili Peppers,The Adventures of Rain Dance Maggie,282400,2011,65,0.683,0.734,-4.523,0.029,0.00112,0.0139,0.258,0.576,106.254,rock
Keri Hilson,Pretty Girl Rock,243920,2010,67,0.666,0.87,-5.004,0.246,0.203,0.0,0.0851,0.9,160.014,"pop, R&B"
Blake Shelton,Honey Bee,210720,2011,50,0.481,0.849,-5.131,0.0385,0.00167,1.49e-06,0.121,0.723,205.57,country
Lady Gaga,The Edge Of Glory,320546,2011,67,0.583,0.768,-6.477,0.041,0.000323,0.0162,0.109,0.357,127.952,pop
Lady A,Just A Kiss,218840,2011,63,0.593,0.639,-5.826,0.0307,0.446,0.0,0.0998,0.332,142.881,"pop, country"
Hot Chelle Rae,Tonight Tonight,200466,2011,73,0.686,0.783,-4.977,0.119,0.0764,0.0,0.163,0.814,99.978,"hip hop, pop, rock"
Grouplove,Tongue Tied,218013,2011,79,0.56,0.936,-5.835,0.0439,0.00847,0.0,0.161,0.371,112.96,"pop, rock, Folk/Acoustic"
Coldplay,Every Teardrop Is a Waterfall,240796,2011,69,0.425,0.732,-6.883,0.0396,0.00194,0.0103,0.171,0.333,117.98,"rock, pop"
Beyoncé,Best Thing I Never Had,253746,2011,69,0.545,0.649,-4.062,0.0324,0.143,1.57e-05,0.0894,0.297,99.099,"pop, R&B"
Christina Perri,Jar of Hearts,246587,2011,72,0.349,0.348,-6.142,0.0316,0.726,0.0,0.12,0.0886,74.541,pop
Bruno Mars,Marry You,230192,2010,75,0.621,0.82,-4.865,0.0367,0.332,0.0,0.104,0.452,144.905,pop
The Band Perry,If I Die Young,222773,2010,64,0.606,0.497,-6.611,0.0277,0.348,0.0,0.275,0.362,130.739,country
Lil Wayne,How To Love,240306,2011,0,0.644,0.661,-6.093,0.0418,0.000177,5.23e-06,0.108,0.272,153.992,"hip hop, pop"
Charlene Soraia,Wherever You Will Go,197577,2011,60,0.597,0.115,-9.217,0.0334,0.82,0.000215,0.111,0.128,111.202,pop
Christina Perri,A Thousand Years,285120,2011,70,0.421,0.407,-7.445,0.0267,0.309,0.000961,0.11,0.161,139.028,pop
Rihanna,We Found Love,215226,2011,75,0.735,0.766,-4.485,0.0383,0.025,0.00138,0.108,0.6,127.985,"hip hop, pop, R&B"
Carly Rae Jepsen,Call Me Maybe,193400,2012,78,0.783,0.58,-6.548,0.0408,0.0114,2.28e-06,0.108,0.66,120.021,"pop, Dance/Electronic"
fun.,We Are Young (feat. Janelle Monáe),250626,2012,76,0.378,0.638,-5.576,0.075,0.02,7.66e-05,0.0849,0.735,184.086,"rock, pop"
Sean Paul,She Doesn't Mind,227786,2012,70,0.718,0.776,-5.208,0.0693,0.000624,5.3e-06,0.207,0.622,120.015,"hip hop, pop"
Pitbull,International Love (feat. Chris Brown),227280,2011,74,0.67,0.855,-3.035,0.0499,0.0124,0.0,0.335,0.648,120.05,"hip hop, pop, latin"
DEV,In The Dark,226226,2012,52,0.736,0.824,-4.231,0.0672,0.00358,0.000921,0.329,0.443,124.954,"pop, Dance/Electronic"
Adele,Skyfall,286480,2012,74,0.346,0.552,-6.864,0.0282,0.417,0.0,0.114,0.0789,75.881,"pop, R&B"
David Guetta,Turn Me On (feat. Nicki Minaj),199680,2012,65,0.704,0.793,-2.266,0.0591,0.0488,0.0,0.575,0.412,127.96,"hip hop, pop, Dance/Electronic"
Rihanna,Where Have You Been,242680,2011,71,0.719,0.847,-6.34,0.0916,0.00201,0.0204,0.223,0.444,127.963,"hip hop, pop, R&B"
Maroon 5,One More Night,219546,2012,74,0.716,0.821,-3.435,0.0314,0.0558,0.0,0.0844,0.618,92.997,pop
The Wanted,Chasing The Sun,198800,2012,69,0.637,0.732,-6.209,0.0965,0.244,0.0,0.498,0.68,128.108,"pop, Dance/Electronic"
Flo Rida,Whistle,224653,2012,77,0.747,0.937,-5.746,0.0453,0.0208,0.0,0.29,0.739,103.976,"hip hop, pop"
will.i.am,This Is Love,279026,2013,62,0.535,0.796,-3.446,0.0445,0.00473,0.0,0.145,0.282,128.954,"hip hop, pop"
David Guetta,She Wolf (Falling to Pieces) [feat. Sia],222500,2012,66,0.492,0.857,-2.634,0.0655,0.0841,7.82e-06,0.344,0.393,129.973,"hip hop, pop, Dance/Electronic"
MARINA,Primadonna,221075,2012,78,0.66,0.689,-2.671,0.0337,0.0884,0.0,0.0922,0.427,127.98,"pop, Dance/Electronic"
DJ Fresh,Hot Right Now (feat. RITA ORA) - Radio Edit,182333,2012,58,0.524,0.972,-1.569,0.0431,0.00656,0.00058,0.224,0.476,175.017,"pop, Dance/Electronic"
LMFAO,Sexy And I Know It,199480,2011,67,0.707,0.861,-4.225,0.316,0.1,0.0,0.191,0.795,130.021,"hip hop, pop, Dance/Electronic"
PSY,Gangnam Style (강남스타일),219493,2012,72,0.727,0.937,-2.871,0.286,0.00417,0.0,0.091,0.749,132.067,pop
Kesha,Die Young,211920,2012,78,0.711,0.7,-4.805,0.046,0.00498,0.000125,0.215,0.801,128.001,"pop, Dance/Electronic"
Usher,Scream,234693,2012,66,0.616,0.862,-5.18,0.0973,0.00117,0.0,0.179,0.569,127.992,"hip hop, pop, R&B"
Olly Murs,Troublemaker (feat. Flo Rida),185586,2012,0,0.762,0.863,-3.689,0.0565,0.015,0.0,0.125,0.965,106.008,"pop, Dance/Electronic"
Linkin Park,BURN IT DOWN,230253,2012,73,0.585,0.972,-4.45,0.0534,0.0143,0.0,0.0707,0.585,110.006,"rock, metal"
Bruno Mars,Locked out of Heaven,233478,2012,85,0.726,0.698,-4.165,0.0431,0.049,0.0,0.309,0.867,143.994,pop
Avicii,Levels - Radio Edit,199906,2011,77,0.584,0.889,-5.941,0.0343,0.0462,0.828,0.309,0.464,126.04,"pop, Dance/Electronic"
Flo Rida,Good Feeling,248133,2012,76,0.706,0.89,-4.444,0.0688,0.0588,0.00286,0.306,0.684,128.011,"hip hop, pop"
Rihanna,Diamonds,225146,2012,75,0.564,0.71,-4.92,0.0461,0.00125,0.0,0.109,0.393,91.972,"hip hop, pop, R&B"
Katy Perry,Part Of Me,216160,2012,73,0.678,0.918,-4.63,0.0355,0.000417,0.0,0.0744,0.769,130.028,pop
Asaf Avidan & the Mojos,One Day / Reckoning Song (Wankelmut Remix) [Radio Edit],212360,2012,0,0.821,0.676,-6.366,0.0547,0.187,0.0001,0.0927,0.559,119.012,pop
Florence + The Machine,Spectrum (Say My Name) - Calvin Harris Remix,218190,2011,68,0.578,0.946,-3.85,0.0482,0.00225,0.00412,0.0966,0.588,126.092,"rock, pop, Dance/Electronic"
James Arthur,Impossible,209440,2013,75,0.376,0.695,-4.782,0.0933,0.135,0.0,0.11,0.302,169.533,pop
Michel Teló,Ai Se Eu Te Pego - Live,166866,2012,0,0.676,0.935,-4.55,0.0692,0.357,0.0,0.853,0.85,96.055,"country, latin"
Otto Knows,Million Voices - Radio Edit,192866,2012,0,0.582,0.894,-6.298,0.041,0.0022,0.0223,0.0664,0.0694,125.946,"pop, Dance/Electronic"
Calvin Harris,Feel So Close - Radio Edit,206413,2012,79,0.707,0.924,-2.842,0.031,0.000972,0.00703,0.204,0.919,127.937,"hip hop, pop, Dance/Electronic"
Jennifer Lopez,Dance Again,237266,2012,0,0.797,0.867,-5.242,0.0696,0.0158,2.79e-06,0.0868,0.716,127.974,"hip hop, pop, R&B"
Grimes,Oblivion,251266,2012,0,0.697,0.529,-8.838,0.0338,0.115,0.901,0.0895,0.486,155.974,"pop, rock, Dance/Electronic"
Adele,Rumour Has It,223266,2011,0,0.612,0.748,-5.014,0.0445,0.617,0.0,0.167,0.574,120.052,"pop, R&B"
Coldplay,Paradise,278719,2011,82,0.449,0.585,-6.761,0.0268,0.0509,8.75e-05,0.0833,0.212,139.631,"rock, pop"
Chris Brown,Turn Up the Music,227973,2012,64,0.594,0.841,-5.792,0.102,0.000238,2.22e-06,0.156,0.643,129.925,"hip hop, pop, R&B"
Calvin Harris,Let's Go (feat. Ne-Yo),232800,2012,66,0.71,0.882,-2.932,0.0595,0.00777,0.00771,0.294,0.875,128.016,"hip hop, pop, Dance/Electronic"
The Script,Hall of Fame (feat. will.i.am),202533,2012,78,0.421,0.873,-4.343,0.0564,0.0654,0.0,0.123,0.629,84.786,"pop, rock"
Swedish House Mafia,Don't You Worry Child - Radio Edit,212862,2012,76,0.612,0.84,-3.145,0.0509,0.112,0.0,0.116,0.438,129.042,"pop, Dance/Electronic"
MARINA,How to Be a Heartbreaker,221493,2012,50,0.69,0.897,-4.696,0.0506,0.0142,0.0,0.108,0.849,140.05,"pop, Dance/Electronic"
Justin Bieber,Boyfriend,171333,2012,63,0.717,0.55,-6.019,0.0519,0.0358,0.00198,0.126,0.331,96.979,pop
David Guetta,Titanium (feat. Sia),245040,2012,79,0.604,0.787,-3.674,0.103,0.0679,0.15,0.127,0.301,126.062,"hip hop, pop, Dance/Electronic"
Jessie J,Domino,231840,2011,74,0.758,0.557,-4.568,0.034,0.0117,0.0,0.0418,0.781,126.986,"hip hop, pop"
Taylor Swift,I Knew You Were Trouble.,219720,2012,59,0.622,0.469,-6.798,0.0363,0.00454,2.25e-06,0.0335,0.679,77.019,pop
P!nk,Try,247906,2012,76,0.674,0.628,-7.079,0.03,0.00144,0.0,0.0944,0.552,103.998,pop
Robbie Williams,Candy,201053,2012,68,0.715,0.791,-6.63,0.0414,0.0368,0.0,0.0694,0.879,116.043,"pop, rock"
Justin Bieber,As Long As You Love Me,229466,2012,67,0.571,0.873,-3.382,0.1,0.0811,0.0,0.361,0.613,139.691,pop
Rita Ora,R.I.P. (feat. Tinie Tempah),228026,2012,46,0.603,0.831,-3.443,0.0479,0.027,0.0,0.652,0.358,72.022,"hip hop, pop, Dance/Electronic"
Alex Clare,Too Close,256613,2011,60,0.588,0.694,-4.278,0.0387,0.00948,0.0,0.113,0.271,126.027,rock
Alesso,Years - ラジオ・エディット,195480,2012,0,0.37,0.823,-6.245,0.0805,0.00234,1.91e-06,0.174,0.323,128.008,"pop, Dance/Electronic"
Guy Sebastian,Battle Scars (feat. Lupe Fiasco),250080,2012,0,0.61,0.863,-2.632,0.206,0.186,0.0,0.097,0.508,83.993,pop
Katy Perry,The One That Got Away,227333,2012,72,0.687,0.792,-4.023,0.0353,0.000802,0.0,0.2,0.864,133.962,pop
Avicii,Silhouettes - Original Radio Edit,211880,2012,53,0.605,0.8,-6.235,0.0545,0.155,0.0562,0.121,0.836,128.074,"pop, Dance/Electronic"
Gotye,Somebody That I Used To Know,244884,2011,57,0.863,0.527,-6.896,0.0358,0.607,0.000168,0.107,0.674,129.054,set()
Flo Rida,Wild Ones (feat. Sia),232946,2012,77,0.608,0.86,-5.324,0.0554,0.0991,0.0,0.262,0.437,127.075,"hip hop, pop"
One Direction,What Makes You Beautiful,199986,2012,82,0.726,0.787,-2.494,0.0737,0.009,0.0,0.0596,0.888,124.99,pop
Lana Del Rey,Born To Die,286253,2012,53,0.18,0.636,-6.591,0.0439,0.209,0.000133,0.217,0.39,75.223,pop
Kesha,C'Mon,214333,2012,0,0.558,0.781,-5.448,0.0963,0.00657,0.00144,0.102,0.286,126.025,"pop, Dance/Electronic"
Owl City,Good Time,205933,2012,77,0.56,0.872,-4.269,0.14,0.0239,6.98e-06,0.371,0.682,126.05,"rock, pop"
Calvin Harris,We'll Be Coming Back (feat. Example),234360,2012,62,0.596,0.952,-4.364,0.0873,0.00131,0.0,0.598,0.571,127.945,"hip hop, pop, Dance/Electronic"
Emeli Sandé,"Read All About It, Pt. III",283706,2012,65,0.63,0.44,-7.186,0.0249,0.822,3.87e-06,0.0926,0.343,98.082,"pop, R&B"
Ellie Goulding,Lights - Single Version,210853,2010,63,0.682,0.795,-6.17,0.0367,0.0297,0.0391,0.131,0.78,120.008,"pop, rock, Dance/Electronic"
Train,Drive By,195973,2012,77,0.765,0.837,-3.113,0.032,0.00107,1.06e-05,0.0801,0.721,122.028,pop
Disclosure,Latch,255631,2013,74,0.503,0.727,-5.456,0.167,0.0159,9.45e-05,0.0895,0.521,121.985,"pop, Dance/Electronic"
Coldplay,Princess of China,239215,2011,66,0.42,0.69,-6.221,0.0347,0.00385,0.015,0.287,0.237,85.014,"rock, pop"
One Direction,Live While We're Young,200186,2012,0,0.658,0.837,-2.063,0.0543,0.0629,0.0,0.0969,0.936,126.015,pop
Carrie Underwood,Blown Away,240133,2012,63,0.531,0.843,-2.569,0.0429,0.0909,0.0,0.0283,0.392,136.991,"pop, country"
alt-J,Breezeblocks,227080,2012,71,0.616,0.656,-7.298,0.0344,0.096,0.000879,0.205,0.286,150.071,rock
Chris Brown,Don't Wake Me Up,222306,2012,62,0.602,0.691,-5.197,0.051,0.0548,0.0,0.144,0.206,127.967,"hip hop, pop, R&B"
Kelly Clarkson,Stronger (What Doesn't Kill You),221946,2011,74,0.562,0.939,-4.282,0.0475,0.046,0.0,0.112,0.684,116.044,"pop, R&B"
Katy Perry,Wide Awake,220946,2012,65,0.514,0.683,-5.099,0.0367,0.0749,2.64e-06,0.392,0.575,159.814,pop
Rudimental,Feel the Love (feat. John Newman),245186,2013,64,0.389,0.706,-6.849,0.0593,0.0026,0.000182,0.686,0.238,179.911,"pop, Dance/Electronic"
Ne-Yo,Let Me Love You (Until You Learn To Love Yourself),251626,2012,69,0.658,0.677,-6.628,0.0393,0.248,0.0,0.368,0.248,124.91,"pop, R&B"
Demi Lovato,Give Your Heart a Break,205346,2011,71,0.651,0.695,-3.218,0.0487,0.23,0.0,0.144,0.569,123.008,pop
Little Mix,Wings,219733,2012,0,0.738,0.875,-3.141,0.127,0.000673,0.000556,0.285,0.538,114.962,pop
Bruno Mars,It Will Rain,257720,2011,74,0.576,0.835,-6.826,0.0486,0.337,0.0,0.082,0.476,150.017,pop
Cher Lloyd,Want U Back,214013,2011,67,0.696,0.893,-2.963,0.076,0.0662,0.0,0.473,0.573,97.954,"pop, Dance/Electronic"
Lorde,Royals,190185,2013,77,0.674,0.428,-9.504,0.122,0.121,0.0,0.132,0.337,84.878,"pop, Dance/Electronic"
Robin Thicke,Blurred Lines,263053,2013,55,0.861,0.504,-7.707,0.0489,0.00412,1.78e-05,0.0783,0.881,120.0,"pop, R&B"
Imagine Dragons,Radioactive,186813,2012,77,0.448,0.784,-3.686,0.0627,0.106,0.000108,0.668,0.236,136.245,rock
Avicii,Wake Me Up,247426,2013,6,0.532,0.783,-5.697,0.0523,0.0038,0.0012,0.161,0.643,124.08,"pop, Dance/Electronic"
Bruno Mars,Locked out of Heaven,233478,2012,85,0.726,0.698,-4.165,0.0431,0.049,0.0,0.309,0.867,143.994,pop
Daft Punk,Get Lucky (feat. Pharrell Williams & Nile Rodgers) - Radio Edit,248413,2013,83,0.794,0.811,-8.966,0.038,0.0426,1.07e-06,0.101,0.862,116.047,"hip hop, Dance/Electronic"
Stromae,Papaoutai,232146,2013,0,0.733,0.818,-7.222,0.0859,0.0241,0.0,0.0636,0.253,116.019,pop
Bingo Players,Get Up (Rattle) - Vocal Edit,166933,2013,1,0.801,0.985,-2.69,0.0645,0.0205,6.86e-06,0.296,0.722,127.99,"pop, Dance/Electronic"
Naughty Boy,La La La,220779,2013,58,0.754,0.677,-4.399,0.0316,0.112,0.0,0.111,0.254,124.988,Dance/Electronic
2 Chainz,We Own It (Fast & Furious),227906,2013,69,0.563,0.902,-4.586,0.402,0.0545,0.0,0.0524,0.559,171.999,"hip hop, pop"
David Guetta,Play Hard (feat. Ne-Yo & Akon),201000,2012,69,0.691,0.921,-1.702,0.0533,0.173,0.0,0.331,0.8,130.072,"hip hop, pop, Dance/Electronic"
Pitbull,Feel This Moment (feat. Christina Aguilera),229506,2012,77,0.673,0.758,-3.632,0.158,0.039,0.0,0.341,0.542,135.956,"hip hop, pop, latin"
will.i.am,#thatPOWER,279506,2013,68,0.797,0.608,-6.096,0.0584,0.00112,7.66e-05,0.0748,0.402,127.999,"hip hop, pop"
Macklemore & Ryan Lewis,Can't Hold Us (feat. Ray Dalton),258342,2012,81,0.641,0.922,-4.457,0.0786,0.0291,0.0,0.0862,0.847,146.078,"hip hop, pop"
Martin Garrix,Animals - Radio Edit,176117,2013,0,0.593,0.914,-5.351,0.0363,0.00137,0.445,0.0714,0.0381,128.015,"pop, Dance/Electronic"
John Newman,Love Me Again,239894,2013,74,0.495,0.894,-4.814,0.0441,0.00453,0.000596,0.103,0.213,126.03,set()
Sebastian Ingrosso,Reload - Radio Edit,221272,2013,68,0.485,0.724,-4.633,0.0521,0.0736,0.0,0.0631,0.433,128.045,"pop, Dance/Electronic"
Capital Cities,Safe And Sound,192693,2013,0,0.652,0.783,-4.829,0.0309,0.000189,0.0173,0.0889,0.836,117.952,pop
Demi Lovato,Heart Attack,210840,2013,79,0.504,0.785,-4.802,0.104,0.0738,0.0,0.239,0.502,173.968,pop
Arctic Monkeys,Why'd You Only Call Me When You're High?,161123,2013,84,0.691,0.631,-6.478,0.0368,0.0483,1.13e-05,0.104,0.8,92.004,rock
Justin Bieber,Beauty And A Beat,227986,2012,73,0.602,0.843,-4.831,0.0593,0.000688,5.27e-05,0.0682,0.526,128.003,pop
Pitbull,Don't Stop the Party (feat. TJR),206120,2012,64,0.722,0.958,-3.617,0.0912,0.00726,0.0,0.375,0.952,127.008,"hip hop, pop, latin"
Selena Gomez,Come & Get It,231986,2013,69,0.546,0.787,-4.1,0.0517,0.0101,0.00021,0.0809,0.573,79.979,pop
Disclosure,White Noise,277687,2013,54,0.665,0.844,-6.164,0.0501,0.00963,0.000215,0.311,0.902,119.978,"pop, Dance/Electronic"
Flo Rida,I Cry,223800,2012,60,0.693,0.822,-5.441,0.0439,0.00616,1.79e-06,0.315,0.763,126.035,"hip hop, pop"
Lana Del Rey,Summertime Sadness (Lana Del Rey Vs. Cedric Gervais) - Cedric Gervais Remix,214912,2013,72,0.572,0.81,-5.791,0.0558,0.0157,6.53e-06,0.13,0.11,126.052,pop
Fall Out Boy,My Songs Know What You Did In The Dark (Light Em Up),186826,2013,71,0.558,0.924,-4.341,0.064,0.0271,3.32e-06,0.537,0.567,151.99,rock
Lorde,Team,193058,2013,0,0.691,0.582,-7.444,0.0939,0.162,0.0,0.247,0.427,100.05,"pop, Dance/Electronic"
Avicii,I Could Be The One (Avicii Vs. Nicky Romero) - Radio Edit,208316,2012,68,0.509,0.79,-3.782,0.0374,0.332,6.67e-05,0.316,0.638,127.946,"pop, Dance/Electronic"
Imagine Dragons,Demons,177506,2012,81,0.505,0.71,-3.015,0.0321,0.19,0.00025,0.269,0.428,89.938,rock
One Direction,One Way or Another (Teenage Kicks),157293,2013,66,0.489,0.867,-3.121,0.071,0.025,0.0,0.586,0.409,162.131,pop
Taylor Swift,I Knew You Were Trouble.,219720,2012,76,0.622,0.469,-6.798,0.0363,0.00454,2.25e-06,0.0335,0.679,77.019,pop
Arctic Monkeys,Do I Wanna Know?,272394,2013,84,0.548,0.532,-7.596,0.0323,0.186,0.000263,0.217,0.405,85.03,rock
Rudimental,Waiting All Night (feat. Ella Eyre),292586,2013,66,0.544,0.728,-5.358,0.05,0.00264,0.00959,0.427,0.281,174.983,"pop, Dance/Electronic"
Klangkarussell,Sonnentanz - Sun Don't Shine,238120,2014,68,0.579,0.549,-8.262,0.0909,0.104,0.0202,0.0964,0.155,119.74,"pop, Dance/Electronic"
Calvin Harris,Drinking from the Bottle (feat. Tinie Tempah),240346,2012,61,0.665,0.886,-4.175,0.0514,0.0469,6.24e-05,0.0525,0.53,128.062,"hip hop, pop, Dance/Electronic"
P!nk,Try,247906,2012,76,0.674,0.628,-7.079,0.03,0.00144,0.0,0.0944,0.552,103.998,pop
Ylvis,The Fox (What Does the Fox Say?),213708,2013,63,0.703,0.867,-4.292,0.0453,0.107,0.0,0.119,0.546,128.008,hip hop
Ellie Goulding,Burn,231211,2014,70,0.559,0.777,-5.031,0.0432,0.31,0.0,0.105,0.329,87.016,"pop, rock, Dance/Electronic"
Baauer,Harlem Shake,196664,2013,57,0.452,0.794,-5.151,0.0483,0.0111,0.00182,0.416,0.282,137.825,Dance/Electronic
Calvin Harris,I Need Your Love (feat. Ellie Goulding),234506,2012,70,0.695,0.869,-5.066,0.0483,0.41,0.0,0.237,0.58,124.989,"hip hop, pop, Dance/Electronic"
Katy Perry,This Is How We Do,204285,2013,60,0.69,0.636,-6.028,0.0457,0.0203,0.0,0.147,0.8,96.0,pop
AWOLNATION,Sail,259102,2011,2,0.825,0.435,-9.582,0.0568,0.452,0.609,0.0953,0.243,119.038,"pop, rock"
Duke Dumont,Need U (100%) [feat. A*M*E] - Radio Edit,174853,2013,27,0.681,0.835,-5.705,0.049,0.00176,0.00183,0.354,0.469,124.047,"pop, Dance/Electronic"
Jason Derulo,The Other Side,226986,2013,50,0.561,0.836,-3.939,0.1,0.0525,0.0,0.136,0.517,127.923,"hip hop, pop"
Storm Queen,Look Right Through - MK Vocal Edit,150400,2014,0,0.832,0.815,-8.035,0.081,0.00304,0.00553,0.263,0.519,119.995,Dance/Electronic
Calvin Harris,Sweet Nothing (feat. Florence Welch),212560,2012,71,0.573,0.929,-3.942,0.109,0.197,0.000112,0.0567,0.582,127.934,"hip hop, pop, Dance/Electronic"
Katy Perry,Unconditionally,228878,2013,0,0.555,0.729,-4.813,0.0387,0.00357,0.0,0.209,0.369,129.003,pop
Ciara,Body Party,234040,2013,64,0.577,0.576,-6.299,0.0563,0.0143,0.0,0.602,0.12,133.973,"pop, R&B"
Birdy,Wings,252106,2013,48,0.474,0.707,-4.534,0.0253,0.0831,0.0,0.162,0.224,83.235,pop
Bastille,Of The Night,214205,2013,61,0.67,0.829,-7.2,0.0427,0.0192,0.000225,0.089,0.349,125.01,"pop, rock"
Olly Murs,Dear Darlin',206373,2012,59,0.512,0.828,-4.672,0.0454,0.00627,8.73e-06,0.119,0.34,124.021,"pop, Dance/Electronic"
Katy Perry,Roar,223546,2013,73,0.554,0.772,-4.821,0.0418,0.00487,6.6e-06,0.354,0.455,179.984,pop
Blake Shelton,Sure Be Cool If You Did,215720,2013,56,0.576,0.726,-4.625,0.035,0.255,0.0,0.108,0.582,136.802,country
Calvin Harris,Thinking About You (feat. Ayah Marar),247933,2012,65,0.725,0.874,-3.715,0.0396,0.00262,0.000412,0.0958,0.748,127.985,"hip hop, pop, Dance/Electronic"
Bridgit Mendler,Ready or Not,200946,2012,72,0.715,0.872,-3.835,0.0509,0.00351,3.84e-05,0.107,0.748,93.043,pop
The Saturdays,What About Us,220682,2013,61,0.704,0.68,-4.751,0.0581,0.0059,0.0,0.213,0.689,123.973,"pop, Dance/Electronic"
Bastille,Pompeii,214147,2013,74,0.679,0.715,-6.383,0.0407,0.0755,0.0,0.271,0.571,127.435,"pop, rock"
One Direction,Best Song Ever,200106,2013,76,0.652,0.877,-2.986,0.0465,0.0227,0.0,0.0789,0.486,118.491,pop
Zedd,Clarity,271426,2012,0,0.523,0.78,-3.464,0.0753,0.0366,0.0,0.0751,0.193,128.006,"hip hop, pop, Dance/Electronic"
Miley Cyrus,Wrecking Ball,221360,2013,77,0.53,0.422,-6.262,0.0342,0.407,0.0,0.107,0.349,119.964,pop
Chris Brown,Fine China,213666,2013,0,0.659,0.735,-4.758,0.056,0.0466,0.0,0.111,0.609,104.038,"hip hop, pop, R&B"
Daft Punk,Lose Yourself to Dance (feat. Pharrell Williams),353893,2013,69,0.832,0.659,-7.828,0.057,0.0839,0.00114,0.0753,0.674,100.163,"hip hop, Dance/Electronic"
Armin van Buuren,This Is What It Feels Like,204360,2013,66,0.551,0.833,-5.217,0.03,0.0391,2.77e-06,0.0632,0.145,129.885,"pop, Dance/Electronic"
Justin Timberlake,Mirrors,484146,2013,78,0.574,0.512,-6.664,0.0503,0.234,0.0,0.0946,0.512,76.899,pop
Of Monsters and Men,Little Talks,266600,2012,79,0.457,0.757,-5.177,0.032,0.0206,0.0,0.146,0.417,102.961,"pop, rock, Folk/Acoustic"
Miley Cyrus,We Can't Stop,231240,2013,78,0.613,0.622,-5.794,0.0334,0.00882,0.0,0.37,0.484,80.003,pop
Paramore,Still into You,216013,2013,79,0.602,0.923,-3.763,0.044,0.0098,0.0,0.0561,0.765,136.01,"pop, rock"
Christina Perri,human,250706,2013,59,0.439,0.489,-6.286,0.0368,0.132,0.000643,0.114,0.253,143.808,pop
Drake,"Hold On, We're Going Home",227880,2013,72,0.773,0.414,-7.436,0.0961,0.00411,3.4e-05,0.0733,0.289,99.993,"hip hop, pop, R&B"
James Blunt,Bonfire Heart,238000,2013,0,0.575,0.821,-5.7,0.0527,0.181,0.0,0.124,0.449,118.021,pop
Maroon 5,Daylight,225066,2012,66,0.656,0.674,-5.473,0.0269,0.00242,0.0,0.255,0.369,120.001,pop
Taylor Swift,22,232120,2012,68,0.661,0.729,-6.561,0.0376,0.00215,0.0013,0.0477,0.668,103.987,pop
Passenger,Let Her Go,252866,2012,73,0.509,0.538,-7.335,0.0572,0.385,0.0,0.104,0.244,75.089,pop
Ariana Grande,The Way,227026,2013,65,0.645,0.878,-3.208,0.113,0.294,0.0,0.076,0.862,82.324,pop
Rihanna,Stay,240706,2012,76,0.621,0.31,-10.164,0.0283,0.945,6.12e-05,0.117,0.125,111.893,"hip hop, pop, R&B"
Bruno Mars,When I Was Your Man,213826,2012,83,0.612,0.28,-8.648,0.0434,0.932,0.0,0.088,0.387,72.795,pop
Florida Georgia Line,Cruise,208960,2012,57,0.457,0.948,-3.364,0.0354,0.0191,0.0,0.0536,0.878,148.0,country
Pharrell Williams,"Happy - From ""Despicable Me 2""",232720,2014,79,0.647,0.822,-4.662,0.183,0.219,0.0,0.0908,0.962,160.019,"hip hop, pop"
Katy Perry,Dark Horse,215672,2013,74,0.647,0.585,-6.123,0.0512,0.00314,0.0,0.165,0.353,131.934,pop
Maroon 5,Animals,231013,2014,79,0.279,0.742,-6.46,0.0898,0.000185,0.0,0.593,0.328,189.868,pop
Sam Smith,Stay With Me,172723,2014,80,0.418,0.42,-6.444,0.0414,0.588,6.39e-05,0.11,0.184,84.094,pop
MAGIC!,Rude,224840,2014,80,0.773,0.758,-4.993,0.0381,0.0422,0.0,0.305,0.925,144.033,set()
Sia,Chandelier,216120,2014,78,0.399,0.787,-2.88,0.0499,0.0197,6.07e-05,0.0685,0.572,117.089,pop
John Legend,All of Me,269560,2013,84,0.422,0.264,-7.064,0.0322,0.922,0.0,0.132,0.331,119.93,"pop, R&B"
ZHU,Faded,223386,2014,49,0.861,0.475,-7.195,0.0487,0.00865,0.119,0.122,0.599,124.96,Dance/Electronic
David Guetta,Lovers on the Sun (feat. Sam Martin),203520,2014,50,0.645,0.891,-2.505,0.0387,0.0932,3.88e-06,0.379,0.568,124.915,"hip hop, pop, Dance/Electronic"
Tove Lo,Habits (Stay High),209160,2014,74,0.733,0.65,-3.539,0.0315,0.0703,6.59e-05,0.0829,0.348,110.003,"pop, Dance/Electronic"
Oliver Heldens,Gecko (Overdrive) - Radio Edit,165440,2014,67,0.609,0.885,-5.469,0.0642,0.00521,1.15e-05,0.336,0.76,124.959,"pop, Dance/Electronic"
DJ Snake,You Know You Like It,247266,2014,69,0.407,0.725,-5.346,0.188,0.0141,2.46e-06,0.306,0.247,196.093,"hip hop, pop, Dance/Electronic"
Maroon 5,Maps,189840,2014,0,0.737,0.723,-5.51,0.0295,0.0179,0.0,0.0675,0.893,120.003,pop
David Guetta,Bad (feat. Vassy) - Radio Edit,170625,2014,45,0.614,0.972,-3.927,0.088,0.00125,0.0186,0.328,0.411,127.966,"hip hop, pop, Dance/Electronic"
Route 94,My Love (feat. Jess Glynne),259934,2014,72,0.814,0.622,-7.573,0.0492,0.000132,0.72,0.0658,0.726,119.976,"pop, Dance/Electronic"
Taylor Swift,Bad Blood,211933,2014,54,0.646,0.794,-6.104,0.19,0.0885,6.16e-06,0.201,0.287,170.216,pop
Trey Songz,Na Na,231906,2015,62,0.67,0.476,-6.253,0.0406,0.328,0.0,0.104,0.235,96.975,"hip hop, pop, R&B"
Calvin Harris,Under Control (feat. Hurts),184280,2014,72,0.544,0.915,-3.405,0.0841,0.129,0.000914,0.115,0.51,126.094,"hip hop, pop, Dance/Electronic"
Jason Derulo,Wiggle (feat. Snoop Dogg),193295,2013,66,0.697,0.621,-6.886,0.25,0.0802,0.0,0.162,0.721,81.946,"hip hop, pop"
Lilly Wood and The Prick,Prayer in C - Robin Schulz Radio Edit,189399,2014,66,0.76,0.886,-5.356,0.0258,0.0219,7.43e-06,0.623,0.78,123.002,"pop, rock"
Calvin Harris,Blame (feat. John Newman),212960,2014,75,0.414,0.857,-4.078,0.0808,0.0287,0.00574,0.343,0.348,128.024,"hip hop, pop, Dance/Electronic"
DJ Snake,Turn Down for What,213733,2013,70,0.818,0.799,-4.1,0.156,0.00107,0.128,0.057,0.0815,100.014,"hip hop, pop, Dance/Electronic"
Pitbull,Timber (feat. Ke$ha),204160,2012,80,0.581,0.963,-4.087,0.0981,0.0295,0.0,0.139,0.788,129.992,"hip hop, pop, latin"
OneRepublic,Counting Stars,257386,2014,62,0.663,0.705,-4.972,0.0385,0.0654,0.0,0.117,0.477,122.014,pop
Calvin Harris,Summer,224506,2014,21,0.603,0.861,-3.565,0.0325,0.0215,0.043,0.1,0.72,127.962,"hip hop, pop, Dance/Electronic"
Nico & Vinz,Am I Wrong,245866,2014,76,0.729,0.675,-6.003,0.0312,0.175,1.58e-06,0.55,0.779,119.968,"hip hop, pop"
Becky G,Shower,206166,2014,78,0.699,0.529,-7.548,0.0487,0.0317,3.59e-05,0.285,0.121,119.987,"pop, latin"
Sigma,Nobody To Love - Radio Edit,189720,2014,62,0.441,0.921,-3.32,0.0436,0.000526,6.34e-06,0.177,0.182,175.001,"pop, Dance/Electronic"
The Chainsmokers,#SELFIE - Original Mix,183750,2014,0,0.789,0.915,-3.263,0.248,0.0135,8.77e-06,0.0818,0.66,127.955,"pop, Dance/Electronic"
Lorde,Team,193058,2013,76,0.69,0.578,-7.436,0.0929,0.167,0.0,0.305,0.416,99.961,"pop, Dance/Electronic"
Rixton,Me And My Broken Heart,193733,2014,77,0.545,0.783,-4.261,0.0345,0.00489,0.0,0.132,0.551,174.084,pop
Klingande,Jubel - Radio Edit,201626,2013,50,0.686,0.524,-7.251,0.0343,0.649,0.0569,0.14,0.0951,124.938,"pop, Dance/Electronic"
Mr. Probz,Waves - Robin Schulz Radio Edit,208133,2014,2,0.829,0.51,-9.334,0.0369,0.00821,0.0014,0.0829,0.45,119.993,"hip hop, Dance/Electronic"
Paloma Faith,Only Love Can Hurt Like This,232893,2014,80,0.566,0.885,-4.528,0.0818,0.0958,9.97e-05,0.334,0.304,90.99,"pop, R&B, Dance/Electronic"
Kiesza,Hideaway,251986,2014,64,0.838,0.72,-4.135,0.0483,0.0862,0.00696,0.0772,0.203,122.993,"pop, Dance/Electronic"
Ellie Goulding,Burn,231211,2014,70,0.559,0.777,-5.031,0.0432,0.31,0.0,0.105,0.329,87.016,"pop, rock, Dance/Electronic"
Ariana Grande,Break Free,214840,2014,0,0.687,0.702,-5.324,0.0455,0.0064,4.35e-05,0.204,0.284,129.956,pop
OneRepublic,Love Runs Out,224226,2014,59,0.719,0.935,-3.752,0.0589,0.167,0.0,0.0973,0.738,120.022,pop
Olly Murs,Up (feat. Demi Lovato),224293,2014,0,0.69,0.845,-4.676,0.0339,0.0193,0.0,0.101,0.638,114.948,"pop, Dance/Electronic"
Peking Duk,High (feat. Nicole Millar),228000,2014,48,0.525,0.803,-4.052,0.0492,0.00129,0.000868,0.29,0.383,100.094,Dance/Electronic
Milky Chance,Stolen Dance,313684,2014,73,0.885,0.581,-8.813,0.0378,0.427,0.000204,0.0759,0.728,114.016,set()
Ed Sheeran,Don't,219840,2014,72,0.806,0.608,-7.008,0.0659,0.0113,0.0,0.635,0.849,95.049,pop
Ariana Grande,Love Me Harder,236133,2014,74,0.472,0.714,-4.389,0.0334,0.00937,0.0,0.0764,0.24,98.992,pop
Enrique Iglesias,Bailando - Spanish Version,243386,2014,66,0.718,0.792,-3.519,0.105,0.0467,3.65e-06,0.0399,0.96,90.949,"pop, latin"
Avicii,Hey Brother,255093,2013,2,0.545,0.78,-4.867,0.0436,0.0309,4.64e-05,0.0828,0.458,125.014,"pop, Dance/Electronic"
Jessie J,Bang Bang,199386,2014,77,0.706,0.786,-3.417,0.091,0.26,0.0,0.38,0.751,150.028,"hip hop, pop"
Duke Dumont,I Got U,285596,2014,67,0.636,0.761,-7.752,0.035,0.00377,0.00784,0.0851,0.463,120.837,"pop, Dance/Electronic"
Gorgon City,Ready For Your Love,198880,2014,61,0.677,0.753,-7.038,0.154,0.0531,0.0128,0.333,0.471,121.939,"pop, Dance/Electronic"
Taylor Swift,Style,231000,2014,61,0.588,0.791,-5.595,0.0402,0.00245,0.00258,0.118,0.487,94.933,pop
MKTO,Classic,175426,2012,82,0.72,0.791,-4.689,0.124,0.0384,0.0,0.157,0.756,102.071,"hip hop, pop"
Disclosure,Latch,255631,2013,74,0.503,0.727,-5.456,0.167,0.0159,9.45e-05,0.0895,0.521,121.985,"pop, Dance/Electronic"
Ariana Grande,Problem,193920,2014,73,0.66,0.805,-5.352,0.153,0.0192,8.83e-06,0.159,0.625,103.008,pop
Charli XCX,Boom Clap,169866,2014,49,0.659,0.911,-2.28,0.0786,0.154,0.000304,0.191,0.576,91.999,"pop, Dance/Electronic"
One Direction,Steal My Girl,228133,2014,79,0.536,0.768,-5.948,0.0347,0.00433,0.0,0.114,0.545,77.217,pop
Tiësto,Red Lights,263890,2013,0,0.653,0.829,-4.783,0.0377,0.000739,1.5e-06,0.225,0.545,124.989,"pop, Dance/Electronic"
Selena Gomez,The Heart Wants What It Wants,227360,2014,58,0.616,0.789,-4.874,0.0377,0.053,0.0,0.142,0.621,83.066,pop
Rita Ora,I Will Never Let You Down,203466,2014,65,0.753,0.801,-3.215,0.0296,0.403,0.0,0.128,0.794,128.011,"hip hop, pop, Dance/Electronic"
5 Seconds of Summer,She Looks So Perfect,202496,2014,74,0.494,0.951,-4.237,0.132,0.000569,0.0,0.327,0.441,160.025,pop
The Script,Superheroes,245466,2014,74,0.49,0.885,-4.121,0.0396,0.00218,0.0,0.0741,0.64,166.996,"pop, rock"
Taylor Swift,Shake It Off,219200,2014,79,0.647,0.8,-5.384,0.165,0.0647,0.0,0.334,0.942,160.078,pop
One Direction,Night Changes,226600,2014,83,0.672,0.52,-7.747,0.0353,0.859,0.0,0.115,0.37,120.001,pop
Ed Sheeran,Sing,235382,2014,69,0.818,0.67,-4.451,0.0472,0.304,1.22e-06,0.0601,0.939,119.988,pop
Alesso,Heroes (we could be),209866,2014,52,0.521,0.754,-4.144,0.0634,0.0373,0.0,0.239,0.352,125.876,"pop, Dance/Electronic"
Tiësto,Wasted,188371,2014,0,0.645,0.832,-5.595,0.0294,0.00106,0.00264,0.199,0.375,112.028,"pop, Dance/Electronic"
G.R.L.,Ugly Heart,198306,2014,64,0.65,0.786,-5.488,0.0463,0.019,0.0,0.323,0.446,124.96,pop
Coldplay,A Sky Full of Stars,267866,2014,80,0.545,0.675,-6.474,0.0279,0.00617,0.00197,0.209,0.162,124.97,"rock, pop"
Clean Bandit,Rather Be (feat. Jess Glynne),227833,2014,72,0.799,0.586,-6.735,0.0377,0.162,2.03e-06,0.193,0.549,120.97,"pop, Dance/Electronic"
Zedd,Stay The Night - Featuring Hayley Williams Of Paramore,217346,2014,63,0.596,0.738,-3.109,0.0411,0.109,0.0,0.0947,0.461,127.961,"hip hop, pop, Dance/Electronic"
Sia,Elastic Heart,257200,2014,70,0.421,0.791,-4.998,0.0496,0.0117,1.48e-05,0.146,0.499,130.075,pop
One Direction,Story of My Life,245493,2013,81,0.6,0.663,-5.802,0.0477,0.225,0.0,0.119,0.286,121.07,pop
Alex & Sierra,Little Do You Know,185200,2014,75,0.5,0.292,-8.554,0.0323,0.746,0.0,0.188,0.37,145.879,pop
Echosmith,Cool Kids,237626,2013,71,0.719,0.671,-6.279,0.0336,0.0372,8.21e-06,0.12,0.786,130.027,pop
Natalie La Rose,Somebody,189906,2014,66,0.83,0.52,-8.714,0.0376,0.000792,1.25e-05,0.0656,0.735,104.99,set()
Vance Joy,Riptide,204280,2014,80,0.484,0.731,-6.694,0.0379,0.431,0.0,0.151,0.51,101.654,"rock, pop"
Ella Henderson,Ghost,213213,2014,63,0.68,0.84,-3.823,0.0414,0.0457,8.66e-06,0.143,0.468,104.975,"pop, Dance/Electronic"
Ed Sheeran,"I See Fire - From ""The Hobbit - The Desolation Of Smaug""",300840,2013,71,0.581,0.0549,-20.514,0.0397,0.559,0.0,0.0718,0.234,152.037,pop
Sheppard,Geronimo,218227,2014,0,0.707,0.771,-6.275,0.0783,0.434,0.0013,0.115,0.437,142.016,"pop, rock, Dance/Electronic"
Olly Murs,Wrapped Up (feat. Travie McCoy),185640,2014,0,0.787,0.848,-4.696,0.0549,0.0915,0.0,0.15,0.947,121.989,"pop, Dance/Electronic"
Sam Smith,Money On My Mind,192670,2014,62,0.688,0.841,-5.217,0.179,0.204,0.000295,0.229,0.743,133.912,pop
Jason Derulo,Trumpets,217306,2013,53,0.627,0.703,-4.884,0.236,0.563,0.0,0.0962,0.64,81.897,"hip hop, pop"
Ed Sheeran,Thinking out Loud,281560,2014,81,0.781,0.445,-6.061,0.0295,0.474,0.0,0.184,0.591,78.998,pop
Wiz Khalifa,See You Again (feat. Charlie Puth),229525,2015,81,0.689,0.481,-7.503,0.0815,0.369,1.03e-06,0.0649,0.283,80.025,"hip hop, pop"
Justin Bieber,What Do You Mean?,205680,2015,77,0.845,0.567,-8.118,0.0956,0.59,0.00142,0.0811,0.793,125.02,pop
Major Lazer,Lean On (feat. MØ & DJ Snake),176561,2015,73,0.723,0.809,-3.081,0.0625,0.00346,0.00123,0.565,0.274,98.007,"hip hop, pop, Dance/Electronic"
The Weeknd,"Earned It (Fifty Shades Of Grey) - From The ""Fifty Shades Of Grey"" Soundtrack",252226,2014,76,0.659,0.381,-5.922,0.0304,0.385,0.0,0.0972,0.426,119.844,"pop, R&B"
Ellie Goulding,"Love Me Like You Do - From ""Fifty Shades Of Grey""",252534,2015,78,0.262,0.606,-6.646,0.0484,0.247,0.0,0.125,0.275,189.857,"pop, rock, Dance/Electronic"
Calvin Harris,Outside (feat. Ellie Goulding),227266,2014,78,0.646,0.823,-4.123,0.0394,0.213,0.0,0.322,0.418,128.035,"hip hop, pop, Dance/Electronic"
David Guetta,"Hey Mama (feat. Nicki Minaj, Bebe Rexha & Afrojack)",192560,2014,75,0.596,0.73,-4.091,0.151,0.24,0.0,0.325,0.525,85.979,"hip hop, pop, Dance/Electronic"
Taylor Swift,Blank Space,231826,2014,82,0.76,0.703,-5.412,0.054,0.103,0.0,0.0913,0.57,95.997,pop
Deorro,Five More Hours,211975,2015,66,0.699,0.883,-3.226,0.219,0.0288,0.0,0.817,0.499,127.961,"pop, Dance/Electronic"
Avicii,The Nights,176658,2014,85,0.527,0.835,-5.298,0.0433,0.0166,0.0,0.249,0.654,125.983,"pop, Dance/Electronic"
DJ Snake,You Know You Like It,247266,2014,69,0.407,0.725,-5.346,0.188,0.0141,2.46e-06,0.306,0.247,196.093,"hip hop, pop, Dance/Electronic"
Taylor Swift,Bad Blood,200106,2015,70,0.654,0.655,-7.388,0.106,0.0294,0.0,0.139,0.221,170.16,pop
Flo Rida,GDFR (feat. Sage the Gemini & Lookas),190185,2015,49,0.657,0.827,-4.036,0.0734,0.000704,0.00534,0.065,0.69,145.889,"hip hop, pop"
Robin Schulz,Sugar (feat. Francesco Yates),219043,2015,76,0.636,0.815,-5.098,0.0581,0.0185,0.0,0.163,0.636,123.063,"pop, Dance/Electronic"
Calvin Harris,How Deep Is Your Love,212640,2015,76,0.738,0.868,-4.373,0.0731,0.0392,0.00169,0.388,0.336,122.003,"hip hop, pop, Dance/Electronic"
Philip George,Wish You Were Mine - Radio Edit,177560,2014,65,0.654,0.832,-4.164,0.0293,0.0126,0.0901,0.102,0.407,123.002,"pop, Dance/Electronic"
Trey Songz,Na Na,231906,2015,62,0.67,0.476,-6.253,0.0406,0.328,0.0,0.104,0.235,96.975,"hip hop, pop, R&B"
Fall Out Boy,Centuries,228360,2015,80,0.393,0.858,-2.868,0.0729,0.00359,0.0,0.102,0.56,176.042,rock
Lost Frequencies,Are You With Me - Radio Edit,138842,2014,33,0.776,0.574,-9.882,0.0317,0.466,7.83e-05,0.131,0.412,121.03,"pop, Dance/Electronic"
Twenty One Pilots,Stressed Out,202333,2015,83,0.734,0.637,-5.677,0.141,0.0462,2.29e-05,0.0602,0.648,169.977,rock
Fifth Harmony,Worth It (feat. Kid Ink),224573,2015,73,0.884,0.765,-3.865,0.0882,0.063,7.04e-06,0.118,0.594,99.987,pop
KALEO,Way down We Go,219560,2015,63,0.59,0.578,-5.798,0.0528,0.612,0.000162,0.0837,0.264,81.663,"rock, classical"
Sam Smith,Like I Can,167065,2014,79,0.656,0.627,-6.627,0.0379,0.343,2.17e-05,0.124,0.481,99.933,pop
Major Lazer,Light It Up (feat. Nyla & Fuse ODG) - Remix,166138,2015,49,0.746,0.877,-3.782,0.0666,0.0375,0.000833,0.233,0.751,107.985,"hip hop, pop, Dance/Electronic"
Martin Solveig,Intoxicated - New Radio Mix,159693,2015,48,0.8,0.677,-4.023,0.0393,0.00563,0.00409,0.0838,0.547,125.004,"pop, Dance/Electronic"
Avicii,Waiting For Love,230613,2015,79,0.579,0.736,-3.863,0.0527,0.31,0.0,0.198,0.613,127.999,"pop, Dance/Electronic"
Felix Jaehn,Ain't Nobody (Loves Me Better) (feat. Jasmine Thompson),186146,2018,72,0.778,0.566,-6.959,0.0311,0.672,0.000197,0.0698,0.479,117.971,"hip hop, pop, Dance/Electronic"
Taylor Swift,Wildest Dreams,220440,2014,78,0.553,0.664,-7.417,0.0741,0.0709,0.0056,0.106,0.467,140.06,pop
Galantis,Runaway (U & I),227073,2015,74,0.506,0.805,-4.119,0.0469,0.00711,0.00193,0.0856,0.383,126.008,"pop, Dance/Electronic"
Zara Larsson,Lush Life,202213,2015,0,0.658,0.741,-2.86,0.0536,0.141,0.0,0.189,0.789,98.024,"pop, Dance/Electronic"
One Direction,Drag Me Down,192120,2015,79,0.73,0.703,-5.672,0.0369,0.109,0.0,0.0657,0.595,138.113,pop
Years & Years,King,215360,2015,0,0.559,0.848,-4.125,0.0388,0.0665,0.0,0.382,0.466,119.977,"pop, Dance/Electronic"
Lemaitre,Closer,270589,2017,59,0.583,0.785,-3.991,0.0337,0.0012,0.0127,0.124,0.355,91.977,pop
Selena Gomez,Same Old Love,229080,2015,69,0.672,0.593,-4.01,0.0304,0.0223,0.0,0.214,0.438,98.02,pop
Flo Rida,My House,192190,2015,76,0.688,0.702,-4.792,0.0499,0.0215,0.0,0.128,0.74,94.006,"hip hop, pop"
Silentó,Watch Me (Whip / Nae Nae),185131,2015,0,0.819,0.768,-8.522,0.134,0.234,0.0,0.334,0.964,139.982,hip hop
The Strumbellas,Spirits,203653,2016,71,0.556,0.658,-6.075,0.0265,0.164,0.0,0.113,0.787,80.529,"rock, Folk/Acoustic, pop"
Beyoncé,7/11,213506,2014,69,0.747,0.705,-5.137,0.126,0.0128,0.0,0.126,0.56,136.024,"pop, R&B"
Zara Larsson,Never Forget You,213427,2017,73,0.583,0.732,-5.728,0.0457,0.00312,9.86e-06,0.269,0.276,145.992,"pop, Dance/Electronic"
Jeremih,oui,238320,2015,77,0.418,0.724,-3.724,0.0964,0.213,0.0,0.112,0.604,78.521,"hip hop, pop, R&B"
Drake,Hotline Bling,267066,2016,77,0.891,0.628,-7.863,0.0551,0.00258,0.00019,0.0504,0.552,134.966,"hip hop, pop, R&B"
Selena Gomez,Kill Em With Kindness,217906,2015,64,0.757,0.884,-5.488,0.0404,0.00795,5.87e-05,0.0973,0.398,120.012,pop
Birdy,Let It All Go,280757,2015,68,0.383,0.43,-8.644,0.0302,0.817,1.04e-06,0.0869,0.174,107.005,pop
Ariana Grande,Love Me Harder,236133,2014,74,0.472,0.714,-4.389,0.0334,0.00937,0.0,0.0764,0.24,98.992,pop
The Weeknd,Can't Feel My Face,213520,2015,79,0.705,0.769,-5.526,0.0425,0.113,0.0,0.105,0.583,107.949,"pop, R&B"
SAYGRACE,You Don't Own Me (feat. G-Eazy),199314,2015,55,0.336,0.664,-5.68,0.102,0.166,1.31e-06,0.0575,0.294,186.394,"pop, R&B"
X Ambassadors,Renegades,195200,2015,75,0.526,0.862,-6.003,0.0905,0.0144,0.0597,0.229,0.528,90.052,"hip hop, rock, pop"
R. City,Locked Away (feat. Adam Levine),227480,2015,77,0.509,0.671,-5.709,0.0678,0.304,0.0,0.0452,0.55,118.413,pop
Kygo,Stole the Show,223186,2016,74,0.64,0.635,-7.565,0.226,0.271,0.0,0.319,0.475,100.034,"pop, Dance/Electronic"
Hozier,Take Me To Church,241688,2014,81,0.566,0.664,-5.303,0.0464,0.634,0.0,0.116,0.437,128.945,"Folk/Acoustic, pop"
Taylor Swift,Style,231000,2014,77,0.588,0.791,-5.595,0.0402,0.00245,0.00258,0.118,0.487,94.933,pop
Alessia Cara,Here,199453,2015,0,0.379,0.799,-4.031,0.163,0.0804,0.0,0.0793,0.359,120.892,"pop, R&B"
Sam Smith,"Writing's On The Wall - From ""Spectre"" Soundtrack",278987,2015,66,0.261,0.302,-8.19,0.0339,0.769,2.57e-06,0.0863,0.0883,81.418,pop
David Guetta,Bang My Head (feat. Sia & Fetty Wap),193333,2015,47,0.599,0.869,-3.697,0.0789,0.0525,0.00719,0.103,0.593,108.061,"hip hop, pop, Dance/Electronic"
Kygo,Firestone,271640,2016,76,0.704,0.634,-7.374,0.0428,0.393,3.17e-05,0.0952,0.411,113.927,"pop, Dance/Electronic"
Petit Biscuit,Sunset Lover,237792,2015,71,0.783,0.467,-9.474,0.0503,0.729,0.809,0.109,0.236,90.838,Dance/Electronic
Shawn Mendes,Stitches,206880,2015,78,0.746,0.754,-6.684,0.0676,0.0152,0.0,0.0486,0.746,149.882,pop
Flo Rida,"I Don't Like It, I Love It (feat. Robin Thicke & Verdine White)",224258,2015,67,0.854,0.766,-4.697,0.141,0.0242,0.0,0.0793,0.784,118.004,"hip hop, pop"
Selena Gomez,The Heart Wants What It Wants,227373,2014,64,0.616,0.789,-4.874,0.0377,0.053,0.0,0.142,0.621,83.066,pop
Jack Ü,Where Are Ü Now (with Justin Bieber),250285,2015,74,0.432,0.781,-4.038,0.0567,0.041,4.21e-06,0.0789,0.197,139.432,"pop, Dance/Electronic"
Ellie Goulding,On My Mind,213445,2015,0,0.699,0.688,-6.607,0.0522,0.264,4.11e-06,0.0863,0.742,154.943,"pop, rock, Dance/Electronic"
Joel Adams,Please Don't Go,210580,2015,71,0.513,0.768,-4.868,0.0587,0.0118,1.94e-05,0.294,0.235,84.264,R&B
Zedd,I Want You To Know,238800,2015,0,0.561,0.877,-2.215,0.0659,0.00621,8.11e-06,0.28,0.375,130.003,"hip hop, pop, Dance/Electronic"
Jonas Blue,Fast Car,212424,2015,67,0.644,0.57,-6.994,0.052,0.484,0.0,0.299,0.527,113.945,"pop, Dance/Electronic"
BØRNS,Electric Love,218173,2015,0,0.373,0.858,-6.536,0.0889,0.00407,0.0016,0.256,0.605,120.063,"rock, pop"
Sigala,Easy Love,229813,2018,66,0.68,0.942,-4.208,0.0631,0.175,0.0013,0.117,0.647,123.976,"pop, Dance/Electronic"
Justin Bieber,Sorry,200786,2015,80,0.654,0.76,-3.669,0.045,0.0797,0.0,0.299,0.41,99.945,pop
Ariana Grande,One Last Time,197266,2014,79,0.628,0.593,-5.036,0.0323,0.093,1.65e-06,0.096,0.104,125.026,pop
Little Mix,Black Magic,211773,2015,1,0.777,0.896,-4.467,0.0619,0.0352,0.0,0.317,0.843,111.987,pop
One Direction,Perfect,230333,2015,77,0.647,0.823,-5.231,0.0762,0.0598,0.0,0.119,0.396,99.933,pop
Years & Years,Shine,255506,2015,55,0.667,0.716,-5.21,0.0349,0.189,0.0,0.104,0.493,108.002,"pop, Dance/Electronic"
Meghan Trainor,Lips Are Movin,182666,2015,70,0.775,0.825,-5.402,0.0464,0.0506,1.03e-06,0.111,0.95,139.091,pop
Nicky Jam,El Perdón - Forgiveness,206666,2017,51,0.736,0.719,-3.839,0.0357,0.256,0.0,0.0909,0.656,90.013,latin
Drake,One Dance,173986,2016,84,0.792,0.625,-5.609,0.0536,0.00776,0.0018,0.329,0.37,103.967,"hip hop, pop, R&B"
Justin Bieber,Love Yourself,233720,2015,0,0.609,0.378,-9.828,0.438,0.835,0.0,0.28,0.515,100.418,pop
The Chainsmokers,Closer,244960,2016,83,0.748,0.524,-5.599,0.0338,0.414,0.0,0.111,0.661,95.01,"pop, Dance/Electronic"
Adele,Hello,295502,2015,1,0.471,0.431,-6.129,0.0342,0.329,0.0,0.0854,0.289,157.98,"pop, R&B"
Burak Yeter,Tuesday (feat. Danelle Sandoval),241874,2016,72,0.841,0.639,-6.052,0.0688,0.0156,0.0654,0.0545,0.675,99.002,Dance/Electronic
Sia,Cheap Thrills (feat. Sean Paul),224813,2016,67,0.592,0.8,-4.931,0.215,0.0561,2.01e-06,0.0775,0.728,89.972,pop
OneRepublic,Wherever I Go,169773,2016,70,0.552,0.689,-6.444,0.0425,0.0915,0.0,0.27,0.349,99.961,pop
Coldplay,Hymn for the Weekend,258266,2015,82,0.491,0.693,-6.487,0.0377,0.211,6.92e-06,0.325,0.412,90.027,"rock, pop"
Justin Bieber,Sorry,200786,2015,80,0.654,0.76,-3.669,0.045,0.0797,0.0,0.299,0.41,99.945,pop
Justin Timberlake,"CAN'T STOP THE FEELING! (from DreamWorks Animation's ""TROLLS"")",236001,2016,76,0.666,0.83,-5.715,0.0751,0.0123,0.0,0.191,0.702,113.03,pop
WILLOW,Wait a Minute!,196520,2015,86,0.764,0.705,-5.279,0.0278,0.0371,1.94e-05,0.0943,0.672,101.003,"pop, R&B, Dance/Electronic"
David Guetta,This One's for You (feat. Zara Larsson) (Official Song UEFA EURO 2016),207272,2016,68,0.367,0.915,-3.456,0.0488,0.0022,5.81e-05,0.0905,0.365,110.169,"hip hop, pop, Dance/Electronic"
Astrid S,Hurts So Good,208728,2016,0,0.672,0.589,-5.008,0.049,0.082,0.0,0.0962,0.379,120.036,"rock, pop, Dance/Electronic"
Twenty One Pilots,Heathens,195920,2016,80,0.732,0.396,-9.348,0.0286,0.0841,3.58e-05,0.105,0.548,90.024,rock
Galantis,No Money,189126,2016,67,0.671,0.916,-4.014,0.0397,0.0282,0.00762,0.24,0.803,126.01,"pop, Dance/Electronic"
The Chainsmokers,Don't Let Me Down,208373,2016,79,0.532,0.869,-5.094,0.172,0.157,0.00508,0.136,0.422,159.803,"pop, Dance/Electronic"
Alok,Hear Me Now,192846,2016,51,0.788,0.43,-7.757,0.0419,0.537,0.00261,0.0936,0.461,121.996,"pop, Dance/Electronic"
Cheat Codes,Sex,228361,2016,0,0.51,0.692,-5.825,0.171,0.00451,0.0,0.138,0.209,102.42,"pop, Dance/Electronic"
Meghan Trainor,NO,213506,2017,69,0.557,0.803,-3.599,0.213,0.0124,1.61e-06,0.737,0.657,92.134,pop
Dua Lipa,Hotter Than Hell,187957,2017,65,0.532,0.868,-4.23,0.0908,0.011,0.0,0.0584,0.529,110.127,pop
Martin Garrix,In the Name of Love,195706,2016,76,0.501,0.519,-5.88,0.0409,0.109,0.0,0.454,0.168,133.99,"pop, Dance/Electronic"
Alan Walker,Faded,212106,2018,78,0.468,0.627,-5.085,0.0476,0.0281,7.97e-06,0.11,0.159,179.642,Dance/Electronic
DJ Snake,Let Me Love You,205946,2016,81,0.649,0.716,-5.371,0.0349,0.0863,2.63e-05,0.135,0.163,99.988,"hip hop, pop, Dance/Electronic"
Calvin Harris,This Is What You Came For (feat. Rihanna),222160,2016,79,0.631,0.927,-2.787,0.0332,0.199,0.119,0.148,0.465,123.962,"hip hop, pop, Dance/Electronic"
Marshmello,Alone,273802,2016,71,0.631,0.953,-3.739,0.0343,0.0241,0.0155,0.108,0.422,141.99,"pop, Dance/Electronic"
Shawn Mendes,I Know What You Did Last Summer,223853,2015,73,0.687,0.761,-4.582,0.0876,0.102,0.0,0.147,0.743,113.939,pop
Selena Gomez,Same Old Love,229080,2015,69,0.672,0.593,-4.01,0.0304,0.0223,0.0,0.214,0.438,98.02,pop
Calvin Harris,My Way,219159,2016,74,0.818,0.913,-3.06,0.0426,0.093,3.69e-05,0.161,0.536,119.986,"hip hop, pop, Dance/Electronic"
Fitz and The Tantrums,HandClap,193253,2016,64,0.636,0.836,-3.004,0.0427,0.00609,0.000157,0.0828,0.715,139.956,"pop, rock"
Twenty One Pilots,Ride,214506,2015,80,0.645,0.713,-5.355,0.0393,0.00835,0.0,0.113,0.566,74.989,rock
Flo Rida,My House,192190,2015,76,0.688,0.702,-4.792,0.0499,0.0215,0.0,0.128,0.74,94.006,"hip hop, pop"
Ariana Grande,Dangerous Woman,235946,2016,0,0.677,0.604,-5.32,0.0385,0.0612,0.0,0.353,0.297,134.052,pop
Charlie Puth,We Don't Talk Anymore (feat. Selena Gomez),217706,2016,79,0.728,0.563,-8.053,0.134,0.621,0.0,0.179,0.352,100.017,pop
AlunaGeorge,I'm In Control,209425,2016,0,0.734,0.847,-3.713,0.0346,0.355,0.000144,0.154,0.673,104.013,"pop, Dance/Electronic"
Enrique Iglesias,DUELE EL CORAZON (feat. Wisin),199693,2016,68,0.716,0.908,-3.254,0.103,0.0858,0.0,0.135,0.869,91.03,"pop, latin"
MNEK,Never Forget You,213427,2015,45,0.583,0.732,-5.728,0.0457,0.00312,9.86e-06,0.269,0.276,145.992,Dance/Electronic
Mike Perry,The Ocean (feat. Shy Martin),183414,2016,70,0.632,0.575,-6.478,0.029,0.0225,1.81e-06,0.104,0.188,90.037,"pop, Dance/Electronic"
Drake,Hotline Bling,267066,2016,0,0.903,0.62,-8.094,0.0587,0.00347,0.000119,0.0504,0.539,134.96,"hip hop, pop, R&B"
Ariana Grande,Into You,244453,2016,3,0.623,0.734,-5.948,0.107,0.0162,1.75e-06,0.145,0.37,107.853,pop
Shawn Mendes,Treat You Better,187973,2017,82,0.444,0.819,-4.078,0.341,0.106,0.0,0.107,0.747,82.695,pop
Coldplay,Adventure of a Lifetime,263786,2015,76,0.638,0.924,-3.887,0.036,0.00205,0.000175,0.149,0.53,111.995,"rock, pop"
Kungs,This Girl - Kungs Vs. Cookin' On 3 Burners,195561,2016,0,0.79,0.705,-4.684,0.0383,0.0807,4.81e-05,0.251,0.501,121.969,"pop, Dance/Electronic"
SAYGRACE,You Don't Own Me (feat. G-Eazy),201493,2016,69,0.332,0.635,-5.653,0.0898,0.159,2.79e-06,0.0599,0.261,186.249,"pop, R&B"
X Ambassadors,Renegades,195200,2015,75,0.526,0.862,-6.003,0.0905,0.0144,0.0597,0.229,0.528,90.052,"hip hop, rock, pop"
99 Souls,The Girl Is Mine,216613,2016,55,0.683,0.943,-3.6,0.0397,0.00423,0.0972,0.0356,0.706,118.991,Dance/Electronic
Illy,Papercuts (feat. Vera Blue),255889,2016,51,0.369,0.618,-6.304,0.249,0.161,0.0,0.257,0.467,191.863,"hip hop, pop, Dance/Electronic"
Kiiara,Gold,225882,2015,55,0.6,0.412,-9.343,0.344,0.615,0.0025,0.134,0.408,113.049,"rock, pop, Dance/Electronic"
Kygo,Stole the Show,222813,2016,0,0.678,0.633,-6.443,0.171,0.151,0.0,0.147,0.478,99.886,"pop, Dance/Electronic"
Fifth Harmony,Work from Home (feat. Ty Dolla $ign),214480,2016,75,0.803,0.585,-5.861,0.0432,0.103,3.94e-06,0.0644,0.593,105.017,pop
Alessia Cara,Here,199453,2016,66,0.376,0.822,-3.974,0.104,0.0783,0.0,0.0841,0.327,120.493,"pop, R&B"
DJ Snake,Middle,220573,2016,0,0.611,0.7,-5.331,0.0436,0.0199,0.0,0.0549,0.213,104.981,"hip hop, pop, Dance/Electronic"
Sigala,Sweet Lovin' - Radio Edit,202149,2015,46,0.683,0.91,-1.231,0.0515,0.0553,4.78e-06,0.336,0.674,124.977,"pop, Dance/Electronic"
Charlie Puth,Dangerously,199133,2016,62,0.696,0.517,-8.379,0.0366,0.364,0.0,0.197,0.23,112.291,pop
Nick Jonas,Close,234213,2016,69,0.654,0.623,-5.273,0.082,0.253,0.0,0.144,0.401,123.996,pop
Jonas Blue,Perfect Strangers,196613,2016,0,0.742,0.819,-5.307,0.0487,0.372,0.0,0.277,0.709,117.986,"pop, Dance/Electronic"
Major Lazer,Cold Water (feat. Justin Bieber & MØ),185351,2016,0,0.608,0.798,-5.092,0.0432,0.0736,0.0,0.156,0.501,92.943,"hip hop, pop, Dance/Electronic"
The Chainsmokers,Roses,226738,2015,73,0.713,0.802,-7.055,0.0561,0.0435,0.00377,0.309,0.343,100.001,"pop, Dance/Electronic"
P!nk,"Just Like Fire (From the Original Motion Picture ""Alice Through The Looking Glass"")",215413,2016,68,0.632,0.702,-5.92,0.148,0.0114,0.0,0.108,0.523,162.958,pop
Steve Aoki,Just Hold On,198774,2016,63,0.647,0.932,-3.515,0.0824,0.00383,1.5e-06,0.0574,0.374,114.991,"hip hop, pop, Dance/Electronic"
Clean Bandit,Tears (feat. Louisa Johnson),225914,2016,60,0.605,0.77,-3.645,0.0446,0.0431,0.0,0.159,0.298,130.037,"pop, Dance/Electronic"
Jonas Blue,Fast Car,212424,2015,1,0.459,0.587,-6.983,0.0785,0.453,0.0,0.307,0.581,113.901,"pop, Dance/Electronic"
Bastille,Good Grief,206493,2016,65,0.73,0.758,-4.888,0.0653,0.147,0.0,0.311,0.877,120.041,"pop, rock"
Sia,The Greatest (feat. Kendrick Lamar),210226,2016,68,0.668,0.725,-6.127,0.266,0.0102,0.000479,0.0561,0.729,191.944,pop
PARTYNEXTDOOR,Not Nice,202661,2016,62,0.598,0.496,-9.309,0.0804,0.0253,0.00132,0.12,0.725,128.06,"hip hop, pop, R&B"
Hilltop Hoods,1955,239280,2016,63,0.766,0.5,-7.558,0.0695,0.719,5.91e-06,0.304,0.71,84.044,"hip hop, pop"
Fifth Harmony,All In My Head (Flex) (feat. Fetty Wap),210573,2016,62,0.689,0.791,-5.194,0.053,0.023,0.0,0.0526,0.755,95.04,pop
Daya,"Sit Still, Look Pretty",202221,2016,1,0.657,0.739,-4.081,0.274,0.141,0.0,0.178,0.543,181.994,"rock, pop, Dance/Electronic"
MØ,Final Song,235826,2016,66,0.695,0.672,-6.109,0.0345,0.014,7.95e-05,0.0756,0.245,104.988,"pop, Dance/Electronic"
Little Mix,Shout Out to My Ex,246240,2017,1,0.773,0.747,-4.061,0.0889,0.0239,8.23e-06,0.11,0.8,126.014,pop
The Lumineers,Ophelia,160097,2016,0,0.664,0.576,-6.429,0.0286,0.63,0.000198,0.0902,0.621,76.026,"pop, Folk/Acoustic"
Frank Ocean,Pink + White,184516,2016,79,0.544,0.552,-7.45,0.0991,0.67,4.57e-05,0.415,0.554,159.738,"hip hop, pop, R&B"
Ed Sheeran,Shape of You,233712,2017,84,0.825,0.652,-3.183,0.0802,0.581,0.0,0.0931,0.931,95.977,pop
Sean Paul,No Lie,221176,2018,84,0.742,0.882,-2.862,0.117,0.0466,0.0,0.206,0.463,102.04,"hip hop, pop"
Luis Fonsi,Despacito (Featuring Daddy Yankee),228200,2017,0,0.66,0.786,-4.757,0.17,0.209,0.0,0.112,0.846,177.833,"pop, latin"
Sam Smith,Too Good At Goodbyes,201000,2017,79,0.681,0.372,-8.237,0.0432,0.64,0.0,0.169,0.476,91.873,pop
Clean Bandit,Rockabye (feat. Sean Paul & Anne-Marie),251088,2016,75,0.72,0.763,-4.068,0.0523,0.406,0.0,0.18,0.742,101.965,"pop, Dance/Electronic"
Camila Cabello,Havana (feat. Young Thug),216896,2017,1,0.768,0.517,-4.323,0.0312,0.186,3.8e-05,0.104,0.418,104.992,pop
Imagine Dragons,Thunder,187146,2017,1,0.6,0.81,-4.749,0.0479,0.00683,0.21,0.155,0.298,167.88,rock
Maroon 5,Don't Wanna Know (feat. Kendrick Lamar),214265,2018,68,0.783,0.61,-6.124,0.0696,0.343,0.0,0.0983,0.418,100.047,pop
The Chainsmokers,Something Just Like This,247160,2017,83,0.617,0.635,-6.769,0.0317,0.0498,1.44e-05,0.164,0.446,103.019,"pop, Dance/Electronic"
Ed Sheeran,Perfect,263400,2017,85,0.599,0.448,-6.312,0.0232,0.163,0.0,0.106,0.168,95.05,pop
MGMT,Little Dark Age,299960,2018,81,0.705,0.712,-6.156,0.0385,0.0102,0.000855,0.1,0.62,97.512,rock
Billie Eilish,Bored,180933,2017,84,0.614,0.318,-12.695,0.0478,0.896,0.00239,0.0795,0.112,119.959,"pop, Dance/Electronic"
Axwell /\ Ingrosso,More Than You Know,203000,2017,0,0.645,0.741,-4.989,0.0339,0.0323,0.0,0.29,0.534,123.07,"pop, Dance/Electronic"
ZAYN,Dusk Till Dawn (feat. Sia) - Radio Edit,239000,2017,77,0.259,0.437,-6.589,0.0386,0.102,1.32e-06,0.106,0.0951,180.042,"pop, Dance/Electronic"
J Balvin,Mi Gente,189029,2017,53,0.548,0.701,-4.862,0.0914,0.0178,1.34e-05,0.134,0.309,104.237,latin
Zara Larsson,Ain't My Fault,224030,2017,67,0.576,0.782,-4.825,0.0296,0.00778,0.0,0.285,0.355,141.153,"pop, Dance/Electronic"
Travis Scott,BUTTERFLY EFFECT,190677,2017,0,0.763,0.598,-6.865,0.0539,0.0714,0.0,0.112,0.182,140.987,"hip hop, Dance/Electronic"
Ayo & Teo,Rolex,238586,2017,69,0.804,0.886,-2.512,0.04,0.0837,0.0,0.266,0.789,144.946,"hip hop, pop"
Imagine Dragons,Whatever It Takes,201240,2017,80,0.672,0.655,-5.021,0.0311,0.0362,0.0,0.117,0.556,134.945,rock
Chord Overstreet,Hold On,198853,2017,80,0.618,0.443,-9.681,0.0526,0.469,0.0,0.0829,0.167,119.949,"pop, Folk/Acoustic"
Jax Jones,Breathe,207629,2017,58,0.722,0.744,-5.52,0.0363,0.0234,0.000157,0.143,0.686,125.985,"hip hop, pop, Dance/Electronic"
Imagine Dragons,Believer,204346,2017,1,0.779,0.787,-4.305,0.108,0.0524,0.0,0.14,0.708,124.982,rock
Natti Natasha,Criminal,232549,2017,74,0.814,0.813,-3.023,0.0561,0.03,9.33e-05,0.255,0.839,79.997,"pop, latin"
Selena Gomez,Fetish (feat. Gucci Mane),186112,2017,69,0.708,0.618,-4.424,0.0592,0.0204,6.81e-06,0.062,0.265,123.013,pop
Charlie Puth,Attention,211475,2017,0,0.774,0.626,-4.432,0.0432,0.0969,3.12e-05,0.0848,0.777,100.041,pop
Big Shaq,Man's Not Hot,186026,2017,62,0.905,0.884,-4.076,0.236,0.111,8.31e-05,0.107,0.588,135.048,"pop, Dance/Electronic"
Anne-Marie,Ciao Adios,200104,2017,57,0.698,0.882,-3.078,0.0863,0.127,0.0,0.15,0.445,106.083,"pop, Dance/Electronic"
Rag'n'Bone Man,Human,200186,2017,76,0.602,0.707,-4.097,0.302,0.393,0.0,0.165,0.554,75.087,R&B
Taylor Swift,Look What You Made Me Do,211853,2017,76,0.766,0.709,-6.471,0.123,0.204,1.41e-05,0.126,0.506,128.07,pop
Enrique Iglesias,SUBEME LA RADIO (feat. Descemer Bueno & Zion & Lennox),207680,2017,70,0.688,0.822,-3.304,0.0537,0.0642,0.0,0.241,0.66,91.011,"pop, latin"
Martin Garrix,Scared to Be Lonely,220883,2017,77,0.584,0.54,-7.786,0.0576,0.0895,0.0,0.261,0.195,137.972,"pop, Dance/Electronic"
Jonas Blue,Mama,181614,2017,51,0.739,0.792,-4.256,0.0418,0.091,0.0,0.0516,0.547,104.016,"pop, Dance/Electronic"
Martin Jensen,Solo Dance,174933,2016,0,0.744,0.836,-2.396,0.0507,0.0435,0.0,0.194,0.36,114.965,"pop, Dance/Electronic"
Taylor Swift,...Ready For It?,208186,2017,73,0.613,0.764,-6.509,0.136,0.0527,0.0,0.197,0.417,160.015,pop
David Guetta,2U (feat. Justin Bieber),194896,2017,67,0.548,0.65,-5.827,0.0591,0.219,0.0,0.225,0.557,144.937,"hip hop, pop, Dance/Electronic"
Shawn Mendes,There's Nothing Holdin' Me Back,199440,2017,0,0.857,0.8,-4.035,0.0583,0.381,0.0,0.0913,0.966,121.996,pop
G-Eazy,Good Life (with G-Eazy & Kehlani),225520,2017,63,0.572,0.778,-5.208,0.233,0.00638,0.0,0.0563,0.54,168.073,"hip hop, pop"
The Vamps,All Night,197640,2017,73,0.538,0.804,-5.194,0.0358,0.0041,0.0,0.33,0.507,144.992,pop
Dua Lipa,New Rules,212000,2017,61,0.763,0.72,-5.181,0.0691,0.00261,1.11e-05,0.114,0.592,116.01,pop
Rag'n'Bone Man,Skin,239626,2017,67,0.564,0.745,-7.733,0.31,0.265,0.0,0.147,0.351,170.661,R&B
Zara Larsson,I Would Like,226720,2017,57,0.486,0.713,-3.949,0.0524,0.0853,0.0,0.0839,0.297,121.028,"pop, Dance/Electronic"
Clean Bandit,Symphony (feat. Zara Larsson),214866,2017,0,0.718,0.609,-4.699,0.043,0.281,3.29e-05,0.234,0.497,122.95,"pop, Dance/Electronic"
Katy Perry,Chained To The Rhythm,237733,2017,69,0.562,0.8,-5.404,0.112,0.0814,0.0,0.199,0.471,95.029,pop
Zay Hilfigerrr,Juju on That Beat (TZ Anthem),144244,2016,57,0.807,0.887,-3.892,0.275,0.00381,0.0,0.391,0.78,160.517,set()
OneRepublic,Rich Love (with Seeb),201256,2017,64,0.401,0.872,-3.641,0.314,0.167,0.0,0.362,0.472,104.592,pop
Liam Payne,Strip That Down,204502,2017,1,0.869,0.485,-5.595,0.0545,0.246,0.0,0.0765,0.527,106.028,pop
Justin Bieber,Friends (with BloodPop®),189466,2017,0,0.744,0.739,-5.35,0.0387,0.00459,0.0,0.306,0.649,104.99,pop
ZAYN,"I Don’t Wanna Live Forever (Fifty Shades Darker) - From ""Fifty Shades Darker (Original Motion Picture Soundtrack)""",245200,2016,0,0.735,0.451,-8.374,0.0585,0.0631,1.3e-05,0.325,0.0862,117.973,"pop, Dance/Electronic"
Alessia Cara,Scars To Your Beautiful,230226,2016,76,0.319,0.739,-5.74,0.272,0.0285,0.0,0.111,0.449,194.169,"pop, R&B"
Starley,Call on Me - Ryan Riback Remix,222040,2016,48,0.67,0.838,-4.031,0.0362,0.0605,0.000611,0.159,0.716,105.0,"pop, Dance/Electronic"
AJR,Weak,201160,2017,0,0.673,0.637,-4.518,0.0429,0.137,0.0,0.184,0.678,123.98,rock
Lana Del Rey,Lust for Life (with The Weeknd),264011,2017,0,0.499,0.676,-8.618,0.0582,0.588,0.00484,0.358,0.295,99.979,pop
CNCO,Reggaetón Lento (Remix),188786,2017,0,0.623,0.909,-3.079,0.0758,0.158,0.0,0.0972,0.651,93.984,"pop, latin"
The Vamps,Middle Of The Night,174600,2017,61,0.588,0.749,-4.323,0.058,0.0037,0.0,0.0813,0.397,130.093,pop
The Weeknd,I Feel It Coming,269186,2016,78,0.773,0.819,-5.946,0.118,0.428,0.0,0.0679,0.585,92.987,"pop, R&B"
The Chainsmokers,Paris,221506,2017,73,0.653,0.658,-6.428,0.0304,0.0215,1.66e-06,0.0939,0.219,99.99,"pop, Dance/Electronic"
Shawn Mendes,Mercy,208733,2017,0,0.561,0.674,-4.882,0.0818,0.118,0.0,0.111,0.383,148.127,pop
Avicii,Lonely Together (feat. Rita Ora),181812,2017,53,0.655,0.666,-5.309,0.0612,0.134,2.12e-05,0.0683,0.272,102.977,"pop, Dance/Electronic"
Cheat Codes,No Promises (feat. Demi Lovato),223503,2017,68,0.741,0.667,-5.445,0.134,0.0575,0.0,0.106,0.595,112.956,"pop, Dance/Electronic"
Bruno Mars,24K Magic,225983,2016,78,0.818,0.803,-4.282,0.0797,0.034,0.0,0.153,0.632,106.97,pop
Kygo,It Ain't Me (with Selena Gomez),220780,2017,75,0.64,0.533,-6.596,0.0706,0.119,0.0,0.0864,0.515,99.968,"pop, Dance/Electronic"
Dynoro,In My Mind,184560,2018,78,0.694,0.77,-5.335,0.149,0.176,1.1e-05,0.118,0.163,125.905,"pop, Dance/Electronic"
Zedd,The Middle,184732,2018,80,0.753,0.657,-3.061,0.0449,0.171,0.0,0.112,0.437,107.01,"hip hop, pop, Dance/Electronic"
Ariana Grande,no tears left to cry,205920,2018,77,0.699,0.713,-5.507,0.0594,0.04,3.11e-06,0.294,0.354,121.993,pop
Calvin Harris,One Kiss (with Dua Lipa),214846,2018,81,0.791,0.862,-3.24,0.11,0.037,2.19e-05,0.0814,0.592,123.994,"hip hop, pop, Dance/Electronic"
Imagine Dragons,Natural,189466,2018,80,0.704,0.611,-6.112,0.0409,0.217,0.0,0.0812,0.22,100.0,rock
Marshmello,Spotlight,177600,2018,71,0.546,0.822,-4.483,0.151,0.0145,0.0,0.742,0.615,150.06,"pop, Dance/Electronic"
Billie Eilish,lovely (with Khalid),200185,2018,86,0.351,0.296,-10.109,0.0333,0.934,0.0,0.095,0.12,115.284,"pop, Dance/Electronic"
Clean Bandit,Solo (feat. Demi Lovato),222653,2018,71,0.737,0.636,-4.546,0.0437,0.0441,6.66e-05,0.35,0.565,105.005,"pop, Dance/Electronic"
The Weeknd,Call Out My Name,228373,2018,80,0.461,0.593,-4.954,0.0356,0.17,0.0,0.307,0.175,134.17,"pop, R&B"
Nicky Jam,X,172854,2019,74,0.594,0.749,-5.298,0.056,0.0338,0.00106,0.3,0.694,179.968,latin
Becky G,Sin Pijama,188560,2018,69,0.791,0.745,-3.695,0.0464,0.354,2.93e-05,0.104,0.82,94.014,"pop, latin"
Machine Gun Kelly,"Home (with Machine Gun Kelly, X Ambassadors & Bebe Rexha)",202804,2017,71,0.653,0.718,-5.232,0.213,0.00413,0.0,0.0537,0.216,82.034,"hip hop, pop"
Jax Jones,Breathe,207629,2017,58,0.722,0.744,-5.52,0.0363,0.0234,0.000157,0.143,0.686,125.985,"hip hop, pop, Dance/Electronic"
The Chainsmokers,Sick Boy,193200,2018,69,0.663,0.577,-7.518,0.0531,0.109,0.0,0.12,0.454,89.996,"pop, Dance/Electronic"
Jason Derulo,Tip Toe (feat. French Montana),187521,2017,64,0.845,0.709,-4.547,0.0714,0.0233,0.0,0.094,0.62,98.062,"hip hop, pop"
EO,German,170825,2018,67,0.862,0.583,-6.26,0.0654,0.811,1.86e-05,0.191,0.852,103.019,set()
Dennis Lloyd,Nevermind,156600,2017,74,0.6,0.688,-8.339,0.201,0.159,1.29e-05,0.409,0.0793,99.977,pop
girl in red,we fell in love in october,184153,2018,82,0.566,0.366,-12.808,0.028,0.113,0.181,0.155,0.237,129.959,"pop, rock, Dance/Electronic"
Selena Gomez,Wolves,197993,2017,78,0.724,0.804,-4.614,0.0448,0.124,0.0,0.204,0.306,124.987,pop
Tom Walker,Leave a Light On,185863,2017,70,0.586,0.624,-5.946,0.113,0.0153,1.78e-06,0.133,0.267,68.976,"rock, pop"
Sofía Reyes,"1, 2, 3 (feat. Jason Derulo & De La Ghetto)",201526,2018,65,0.792,0.895,-3.112,0.0589,0.165,0.0,0.0501,0.794,94.968,"pop, latin"
Marshmello,Silence,180822,2017,80,0.52,0.761,-3.093,0.0853,0.256,4.96e-06,0.17,0.286,141.971,"pop, Dance/Electronic"
5 Seconds of Summer,Youngblood,203417,2018,69,0.596,0.854,-5.114,0.463,0.0169,0.0,0.124,0.152,120.274,pop
Loud Luxury,Body (feat. brando),163216,2017,0,0.752,0.764,-4.399,0.038,0.0476,9.44e-05,0.0543,0.582,121.958,"pop, Dance/Electronic"
Liam Payne,For You (Fifty Shades Freed) (& Rita Ora),245453,2018,62,0.541,0.787,-4.618,0.0331,0.0167,0.0,0.157,0.2,113.0,pop
NF,Let You Down,212120,2017,79,0.662,0.714,-5.68,0.121,0.312,0.0,0.179,0.464,147.997,"hip hop, pop"
XXXTENTACION,changes,121886,2018,79,0.669,0.308,-10.068,0.029,0.883,0.0,0.0984,0.52,64.934,hip hop
Maluma,Corazón (feat. Nego do Borel),184720,2018,69,0.722,0.738,-6.073,0.247,0.328,1.47e-05,0.198,0.748,198.075,latin
Jonas Blue,Rise,194407,2018,70,0.687,0.785,-4.65,0.0333,0.327,0.0,0.203,0.655,106.046,"pop, Dance/Electronic"
David Guetta,Flames,194680,2018,59,0.631,0.649,-5.892,0.0385,0.0817,3.8e-06,0.0934,0.421,93.95,"hip hop, pop, Dance/Electronic"
Ozuna,Vaina Loca,176133,2018,72,0.754,0.805,-4.249,0.0752,0.315,0.0,0.203,0.555,93.982,latin
Charlie Puth,How Long,200853,2018,72,0.845,0.561,-5.253,0.0778,0.211,3.49e-06,0.0383,0.811,109.974,pop
Marshmello,Happier,214289,2018,82,0.687,0.792,-2.749,0.0452,0.191,0.0,0.167,0.671,100.015,"pop, Dance/Electronic"
Charlie Puth,Done for Me (feat. Kehlani),180493,2018,67,0.856,0.632,-3.692,0.074,0.193,0.0,0.0688,0.697,112.009,pop
B Young,Jumanji,173153,2018,60,0.791,0.473,-9.86,0.25,0.279,0.0,0.0959,0.603,95.948,"hip hop, Dance/Electronic"
Charlie Puth,The Way I Am,186080,2018,64,0.755,0.769,-5.658,0.186,0.314,2.38e-06,0.0628,0.642,114.966,pop
Reik,Me Niego (feat. Ozuna & Wisin),221653,2018,1,0.777,0.779,-4.449,0.0972,0.0543,0.0,0.636,0.768,94.023,"pop, latin"
benny blanco,Eastside (with Halsey & Khalid),173799,2018,75,0.56,0.68,-7.648,0.321,0.555,0.0,0.116,0.319,89.391,"hip hop, pop"
Luis Fonsi,Échame La Culpa,173720,2017,62,0.733,0.892,-3.641,0.0417,0.0376,0.0,0.137,0.675,95.989,"pop, latin"
MK,17,196489,2017,65,0.703,0.832,-7.202,0.0689,0.00149,0.127,0.0696,0.667,122.029,"pop, Dance/Electronic"
Rita Ora,Anywhere,215064,2017,63,0.628,0.797,-3.953,0.0596,0.0364,0.0,0.104,0.321,106.93,"hip hop, pop, Dance/Electronic"
Banx & Ranx,Answerphone (feat. Yxng Bane),190920,2018,56,0.671,0.834,-3.928,0.0885,0.0387,0.0,0.454,0.454,113.021,Dance/Electronic
Ella Mai,Trip,213993,2018,72,0.477,0.61,-5.628,0.144,0.225,0.0,0.107,0.358,79.882,"hip hop, pop, R&B"
Daddy Yankee,Dura,200480,2018,71,0.783,0.84,-3.416,0.051,0.174,0.0,0.412,0.839,95.001,latin
Anne-Marie,2002,186986,2018,80,0.697,0.683,-2.881,0.117,0.0372,0.0,0.137,0.603,96.133,"pop, Dance/Electronic"
Bruno Mars,Finesse - Remix; feat. Cardi B,217288,2017,74,0.704,0.859,-4.877,0.0996,0.0185,0.0,0.0215,0.926,105.115,pop
Hugh Jackman,The Greatest Show,302146,2017,72,0.417,0.824,-7.36,0.105,0.000239,0.0545,0.0725,0.4,157.92,easy listening
Halsey,Bad At Love,181279,2017,72,0.675,0.751,-3.539,0.0296,0.0604,0.0,0.0893,0.612,118.384,"pop, Dance/Electronic"
Camila Cabello,Never Be the Same,226973,2018,74,0.637,0.713,-4.333,0.0747,0.181,0.000637,0.137,0.243,129.923,pop
M.O,Bad Vibe,214253,2018,54,0.813,0.701,-4.428,0.0449,0.178,0.0,0.0962,0.758,110.009,"pop, Dance/Electronic"
Cashmere Cat,Miss You (with Major Lazer & Tory Lanez),186231,2018,56,0.747,0.641,-4.502,0.0925,0.25,0.00107,0.106,0.453,100.028,"pop, rock"
Lauv,I Like Me Better,197436,2018,81,0.752,0.505,-7.621,0.253,0.535,2.55e-06,0.104,0.419,91.97,"pop, Dance/Electronic"
The Chainsmokers,This Feeling,197946,2018,73,0.575,0.571,-7.906,0.0439,0.0558,0.0,0.0912,0.449,105.049,"pop, Dance/Electronic"
Khalid,Love Lies (with Normani),201707,2018,73,0.708,0.648,-5.626,0.0449,0.0956,0.0,0.134,0.338,143.955,"pop, R&B"
Lil Nas X,Old Town Road - Remix,157066,2019,79,0.878,0.619,-5.56,0.102,0.0533,0.0,0.113,0.639,136.041,"hip hop, pop"
Billie Eilish,bad guy,194087,2019,83,0.701,0.425,-10.965,0.375,0.328,0.13,0.1,0.562,135.128,"pop, Dance/Electronic"
Shawn Mendes,Señorita,190799,2019,78,0.759,0.548,-6.049,0.029,0.0392,0.0,0.0828,0.749,116.967,pop
Post Malone,Sunflower - Spider-Man: Into the Spider-Verse,157560,2019,79,0.755,0.522,-4.368,0.0575,0.533,0.0,0.0685,0.925,89.96,hip hop
Regard,Ride It,157605,2019,81,0.88,0.751,-4.258,0.0874,0.177,6.43e-05,0.106,0.884,117.948,"pop, Dance/Electronic"
Lady Gaga,Shallow,215733,2018,82,0.572,0.385,-6.362,0.0308,0.371,0.0,0.231,0.323,95.799,pop
Mark Ronson,Nothing Breaks Like a Heart (feat. Miley Cyrus),217466,2018,79,0.601,0.794,-5.844,0.0671,0.00987,1.36e-06,0.388,0.244,114.066,pop
Lewis Capaldi,Someone You Loved,182160,2019,84,0.501,0.405,-5.679,0.0319,0.751,0.0,0.105,0.446,109.891,pop
Jax Jones,All Day And Night,169303,2019,60,0.585,0.782,-4.101,0.0897,0.269,0.0,0.156,0.521,121.908,"hip hop, pop, Dance/Electronic"
Daddy Yankee,Con Calma,193226,2019,79,0.737,0.86,-2.652,0.0593,0.11,1.94e-06,0.0574,0.656,93.989,latin
Alec Benjamin,Let Me Down Slowly,169353,2018,82,0.652,0.557,-5.714,0.0318,0.74,0.0,0.124,0.483,150.073,"rock, pop, Dance/Electronic"
BLACKPINK,Kill This Love,189052,2019,1,0.738,0.861,-4.141,0.237,0.318,0.00182,0.325,0.58,131.98,pop
MEDUZA,Piece Of Your Heart,152913,2019,75,0.677,0.744,-6.806,0.0295,0.0404,0.00016,0.074,0.631,124.08,"pop, Dance/Electronic"
Ed Sheeran,Antisocial (with Travis Scott),161746,2019,63,0.716,0.823,-5.313,0.0495,0.132,0.0,0.361,0.91,151.957,pop
Mabel,Mad Love,169813,2019,0,0.631,0.803,-2.974,0.155,0.675,0.0,0.11,0.62,198.065,"pop, Dance/Electronic"
Billie Eilish,lovely (with Khalid),200185,2018,86,0.351,0.296,-10.109,0.0333,0.934,0.0,0.095,0.12,115.284,"pop, Dance/Electronic"
Mabel,Don't Call Me Up,178480,2019,77,0.674,0.881,-2.853,0.147,0.296,3.01e-06,0.0793,0.234,98.994,"pop, Dance/Electronic"
Lil Nas X,Old Town Road,113000,2019,76,0.907,0.53,-6.112,0.127,0.0578,2.23e-06,0.101,0.507,135.998,"hip hop, pop"
iann dior,emotions,131213,2019,72,0.63,0.63,-6.211,0.0395,0.0131,0.0,0.142,0.163,80.512,"hip hop, pop"
Paulo Londra,Adan y Eva,256971,2019,72,0.767,0.709,-4.47,0.336,0.323,0.0,0.0745,0.72,171.993,"hip hop, latin, Dance/Electronic"
Lil Nas X,Panini,114893,2019,71,0.703,0.594,-6.146,0.0752,0.342,0.0,0.123,0.475,153.848,"hip hop, pop"
Bad Bunny,MIA (feat. Drake),210367,2018,77,0.817,0.539,-6.349,0.0621,0.0141,0.000496,0.099,0.158,97.062,latin
Anuel AA,China,301714,2019,76,0.786,0.808,-3.702,0.0882,0.0846,0.000289,0.0822,0.609,105.027,latin
Camila Cabello,Liar,207038,2019,65,0.74,0.498,-6.684,0.0456,0.0169,0.00282,0.319,0.652,98.016,pop
Ava Max,Sweet but Psycho,187436,2018,7,0.719,0.704,-4.724,0.0476,0.0691,0.0,0.166,0.628,133.002,pop
Dua Lipa,Don't Start Now,183290,2019,79,0.794,0.793,-4.521,0.0842,0.0125,0.0,0.0952,0.677,123.941,pop
Calvin Harris,Giant (with Rag'n'Bone Man),229184,2019,73,0.807,0.887,-4.311,0.0361,0.016,0.000503,0.0811,0.606,122.015,"hip hop, pop, Dance/Electronic"
Tones And I,Dance Monkey,209438,2019,78,0.824,0.588,-6.4,0.0924,0.692,0.000104,0.149,0.513,98.027,pop
Ava Max,So Am I,183026,2019,4,0.682,0.656,-4.67,0.0435,0.0737,0.0,0.353,0.607,130.089,pop
Pedro Capó,Calma - Remix,238200,2018,74,0.826,0.773,-4.218,0.0524,0.323,0.0,0.143,0.761,126.899,"pop, latin"
Lunay,Soltera - Remix,266086,2019,70,0.795,0.783,-4.271,0.0432,0.361,0.0,0.437,0.799,92.01,"pop, latin"
Khalid,Better,229412,2018,70,0.442,0.585,-10.332,0.0964,0.0984,0.391,0.14,0.116,97.565,"pop, R&B"
AJ Tracey,Ladbroke Grove,190537,2019,69,0.903,0.839,-9.447,0.208,0.0939,0.0,0.102,0.727,133.986,"hip hop, Dance/Electronic"
Billie Eilish,bury a friend,193143,2019,75,0.905,0.389,-14.505,0.332,0.74,0.162,0.106,0.196,120.046,"pop, Dance/Electronic"
BTS,Boy With Luv (feat. Halsey),229773,2019,35,0.645,0.862,-4.757,0.0965,0.0923,0.0,0.192,0.798,119.991,pop
Jonas Brothers,Only Human,183000,2019,71,0.795,0.496,-5.883,0.0722,0.108,0.0,0.0645,0.874,94.01,pop
5 Seconds of Summer,Easier,157492,2019,1,0.505,0.428,-5.604,0.221,0.489,0.0,0.0977,0.618,175.813,pop
Avicii,SOS (feat. Aloe Blacc),157202,2019,71,0.802,0.645,-6.181,0.0715,0.272,0.0,0.119,0.376,100.001,"pop, Dance/Electronic"
Ashley O,On A Roll,154447,2019,57,0.736,0.81,-6.354,0.0906,0.077,0.0,0.0523,0.387,125.011,set()
Dominic Fike,3 Nights,177666,2018,78,0.815,0.518,-6.594,0.0897,0.223,0.0,0.104,0.877,151.891,"rock, pop"
Sigala,Wish You Well,205653,2019,64,0.669,0.895,-3.787,0.0575,0.128,0.0,0.297,0.576,124.975,"pop, Dance/Electronic"
Anuel AA,Secreto,258800,2019,75,0.807,0.803,-4.156,0.126,0.602,0.00853,0.136,0.706,91.987,latin
Sam Feldt,Post Malone (feat. RANI),174444,2019,69,0.59,0.642,-3.87,0.122,0.0771,0.0,0.105,0.651,107.356,"pop, Dance/Electronic"
Lauv,i'm so tired...,162582,2019,2,0.599,0.733,-7.058,0.203,0.176,0.0,0.242,0.534,102.211,"pop, Dance/Electronic"
Panic! At The Disco,High Hopes,190946,2018,80,0.579,0.904,-2.729,0.0618,0.193,0.0,0.064,0.681,82.014,rock
Marshmello,One Thing Right,181823,2019,73,0.659,0.625,-2.253,0.045,0.0644,0.0,0.582,0.442,88.042,"pop, Dance/Electronic"
Sam Smith,How Do You Sleep?,202204,2019,73,0.477,0.682,-4.931,0.0925,0.153,0.0,0.0763,0.345,110.567,pop
Normani,Motivation,193837,2019,71,0.599,0.887,-3.967,0.0984,0.0192,1.21e-06,0.3,0.881,170.918,"pop, R&B"
Joel Corry,Sorry,188640,2019,63,0.744,0.79,-4.617,0.0562,0.0547,0.000802,0.32,0.847,125.002,"pop, Dance/Electronic"
Jonas Brothers,Sucker,181026,2019,79,0.842,0.734,-5.065,0.0588,0.0427,0.0,0.106,0.952,137.958,pop
Taylor Swift,Cruel Summer,178426,2019,78,0.552,0.702,-5.707,0.157,0.117,2.06e-05,0.105,0.564,169.994,pop
Blanco Brown,The Git Up,200593,2019,69,0.847,0.678,-8.635,0.109,0.0669,0.0,0.274,0.811,97.984,"hip hop, country"
Sam Smith,Dancing With A Stranger (with Normani),171029,2019,75,0.741,0.52,-7.513,0.0656,0.45,1.97e-06,0.222,0.347,102.998,pop
Post Malone,Circles,215280,2019,85,0.695,0.762,-3.497,0.0395,0.192,0.00244,0.0863,0.553,120.042,hip hop
